;Bone,ボーン名,ボーン名(英),変形階層,物理後(0/1),位置_x,位置_y,位置_z,回転(0/1),移動(0/1),IK(0/1),表示(0/1),操作(0/1),親ボーン名,表示先(0:オフセット/1:ボーン),表示先ボーン名,オフセット_x,オフセット_y,オフセット_z,ローカル付与(0/1),回転付与(0/1),移動付与(0/1),付与率,付与親名,軸制限(0/1),制限軸_x,制限軸_y,制限軸_z,ローカル軸(0/1),ローカルX軸_x,ローカルX軸_y,ローカルX軸_z,ローカルZ軸_x,ローカルZ軸_y,ローカルZ軸_z,外部親(0/1),外部親Key,IKTarget名,IKLoop,IK単位角[deg]
Bone,"全ての親","",0,0,0,0,0,1,1,0,1,1,"",1,"センター",0,0,0,0,0,0,1,"",0,0,0,0,0,1,0,0,0,0,1,0,0,"",0,57.29578
Bone,"センター","center",0,0,0,10.17946,0.08535064,1,1,0,1,1,"全ての親",0,"",0,-9.676476,0,0,0,0,1,"",0,0,0,0,0,1,0,0,0,0,1,0,0,"",0,57.29578
Bone,"グルーブ","groove",0,0,0,10.40872,0.08535064,1,1,0,1,1,"センター",0,"",0,1.427429,0,0,0,0,1,"",0,0,0,0,0,1,0,0,0,0,1,0,0,"",0,57.29578
Bone,"腰","waist",0,0,0,13.27139,0.2854625,1,0,0,1,1,"グルーブ",0,"",0,1.121387,-0.4508443,0,0,0,1,"",0,0,0,0,0,1,0,0,0,0,1,0,0,"",0,57.29578
Bone,"上半身","upper body",0,0,0,14.67313,-0.2780929,1,0,0,1,1,"腰",1,"上半身2",0,0,0,0,0,0,1,"",0,0,0,0,0,1,0,0,0,0,1,0,0,"",0,57.29578
Bone,"上半身2","",0,0,0,17.03571,-0.2458396,1,0,0,1,1,"上半身",1,"上半身2先",0,0,0,0,0,0,1,"",0,0,0,0,0,1,0,0,0,0,1,0,0,"",0,57.29578
Bone,"下半身","lower body",0,0,0,14.67313,-0.2780929,1,0,0,1,1,"腰",1,"下半身先",0,0,0,0,0,0,1,"",0,0,0,0,0,1,0,0,0,0,1,0,0,"",0,57.29578
Bone,"右足IK親","leg IKP_R",0,0,-1.017907,0,0.08535064,1,1,0,1,1,"全ての親",0,"",0,-1,0,0,0,0,1,"",0,0,0,0,0,1,0,0,0,0,1,0,0,"",0,57.29578
Bone,"左足IK親","leg IKP_L",0,0,1.017907,0,0.08535064,1,1,0,1,1,"全ての親",0,"",0,-1,0,0,0,0,1,"",0,0,0,0,0,1,0,0,0,0,1,0,0,"",0,57.29578
Bone,"腰キャンセル右","",0,0,-1.131856,12.3369,-0.3212166,1,0,0,0,1,"下半身",0,"",0,0,0,0,1,0,-1,"腰",0,0,0,0,0,1,0,0,0,0,1,0,0,"",0,57.29578
Bone,"右足","leg_R",0,0,-1.131856,12.3369,-0.3212166,1,0,0,1,1,"腰キャンセル右",1,"右ひざ",0,0,0,0,0,0,1,"",0,0,0,0,0,1,0,0,0,0,1,0,0,"",0,57.29578
Bone,"右ひざ","knee_R",0,0,-1.104085,7.308545,-0.262756,1,0,0,1,1,"右足",1,"右足首",0,0,0,0,0,0,1,"",0,0,0,0,0,1,0,0,0,0,1,0,0,"",0,57.29578
Bone,"右足首","ankle_R",0,0,-1.017907,1.357696,0.08535069,1,0,0,1,1,"右ひざ",1,"右つま先",0,0,0,0,0,0,1,"",0,0,0,0,0,1,0,0,0,0,1,0,0,"",0,57.29578
Bone,"右つま先","",0,0,-1.105649,0.001754045,-2.755517,1,0,0,0,1,"右足首",0,"",-0.002138683,0.0009331655,-0.3592161,0,0,0,1,"",0,0,0,0,0,1,0,0,0,0,1,0,0,"",0,57.29578
Bone,"右足ＩＫ","",1,0,-1.017907,1.357696,0.08535064,1,1,1,1,1,"右足IK親",1,"右足ＩＫ先",0,0,0,0,0,0,1,"",0,0,0,0,0,1,0,0,0,0,1,0,0,"右足首",40,114.5916
;IKLink,親ボーン名,Linkボーン名,角度制限(0/1),XL[deg],XH[deg],YL[deg],YH[deg],ZL[deg],ZH[deg]
IKLink,"右足ＩＫ","右ひざ",1,-180,-0.5,0,0,0,0
IKLink,"右足ＩＫ","右足",0,0,0,0,0,0,0
Bone,"右つま先ＩＫ","",1,0,-1.106195,-0.005272508,-2.771302,1,1,1,1,1,"右足ＩＫ",1,"右つま先ＩＫ先",0,0,0,0,0,0,1,"",0,0,0,0,0,1,0,0,0,0,1,0,0,"右つま先",10,229.1831
;IKLink,親ボーン名,Linkボーン名,角度制限(0/1),XL[deg],XH[deg],YL[deg],YH[deg],ZL[deg],ZH[deg]
IKLink,"右つま先ＩＫ","右足首",0,0,0,0,0,0,0
Bone,"腰キャンセル左","",0,0,1.131856,12.3369,-0.3212166,1,0,0,0,1,"下半身",0,"",0,0,0,0,1,0,-1,"腰",0,0,0,0,0,1,0,0,0,0,1,0,0,"",0,57.29578
Bone,"左足","leg_L",0,0,1.131856,12.3369,-0.3212166,1,0,0,1,1,"腰キャンセル左",1,"左ひざ",0,0,0,0,0,0,1,"",0,0,0,0,0,1,0,0,0,0,1,0,0,"",0,57.29578
Bone,"左ひざ","knee_L",0,0,1.104085,7.308545,-0.262756,1,0,0,1,1,"左足",1,"左足首",0,0,0,0,0,0,1,"",0,0,0,0,0,1,0,0,0,0,1,0,0,"",0,57.29578
Bone,"左足首","ankle_L",0,0,1.017907,1.357696,0.08535069,1,0,0,1,1,"左ひざ",1,"左つま先",0,0,0,0,0,0,1,"",0,0,0,0,0,1,0,0,0,0,1,0,0,"",0,57.29578
Bone,"左つま先","",0,0,1.105649,0.001754045,-2.755517,1,0,0,0,1,"左足首",0,"",0.002138683,0.0009331655,-0.3592161,0,0,0,1,"",0,0,0,0,0,1,0,0,0,0,1,0,0,"",0,57.29578
Bone,"左足ＩＫ","",1,0,1.017907,1.357696,0.08535064,1,1,1,1,1,"左足IK親",1,"左足ＩＫ先",0,0,0,0,0,0,1,"",0,0,0,0,0,1,0,0,0,0,1,0,0,"左足首",40,114.5916
;IKLink,親ボーン名,Linkボーン名,角度制限(0/1),XL[deg],XH[deg],YL[deg],YH[deg],ZL[deg],ZH[deg]
IKLink,"左足ＩＫ","左ひざ",1,-180,-0.5,0,0,0,0
IKLink,"左足ＩＫ","左足",0,0,0,0,0,0,0
Bone,"左つま先ＩＫ","",1,0,1.106195,-0.005272508,-2.771302,1,1,1,1,1,"左足ＩＫ",1,"左つま先ＩＫ先",0,0,0,0,0,0,1,"",0,0,0,0,0,1,0,0,0,0,1,0,0,"左つま先",10,229.1831
;IKLink,親ボーン名,Linkボーン名,角度制限(0/1),XL[deg],XH[deg],YL[deg],YH[deg],ZL[deg],ZH[deg]
IKLink,"左つま先ＩＫ","左足首",0,0,0,0,0,0,0
Bone,"右肩P","shoulderP_R",0,0,-0.8655699,19.05826,0.02311453,1,0,0,1,1,"上半身2",0,"",0,0,0,0,0,0,1,"",0,0,0,0,0,1,0,0,0,0,1,0,0,"",0,57.29578
Bone,"右肩","shoulder_R",0,0,-0.8655699,19.05826,0.02311453,1,0,0,1,1,"右肩P",1,"右腕",0,0,0,0,0,0,1,"",0,0,0,0,0,1,0,0,0,0,1,0,0,"",0,57.29578
Bone,"右肩C","",0,0,-1.541864,18.95623,0.05877804,1,0,0,0,1,"右肩",0,"",0,0,0,0,1,0,-1,"右肩P",0,0,0,0,0,1,0,0,0,0,1,0,0,"",0,57.29578
Bone,"左肩P","shoulderP_L",0,0,0.8655699,19.05826,0.02311453,1,0,0,1,1,"上半身2",0,"",0,0,0,0,0,0,1,"",0,0,0,0,0,1,0,0,0,0,1,0,0,"",0,57.29578
Bone,"左肩","shoulder_L",0,0,0.8655699,19.05826,0.02311453,1,0,0,1,1,"左肩P",1,"左腕",0,0,0,0,0,0,1,"",0,0,0,0,0,1,0,0,0,0,1,0,0,"",0,57.29578
Bone,"左肩C","",0,0,1.541864,18.95623,0.05877804,1,0,0,0,1,"左肩",0,"",0,0,0,0,1,0,-1,"左肩P",0,0,0,0,0,1,0,0,0,0,1,0,0,"",0,57.29578
Bone,"右腕","arm_R",0,0,-1.541864,18.95623,0.05877804,1,0,0,1,1,"右肩C",1,"右ひじ",0,0,0,0,0,0,1,"",0,0,0,0,1,-0.7259834,-0.6877066,-0.002763873,0.002014602,0.001892224,-0.9999961,0,0,"",0,57.29578
Bone,"右腕捩","arm twist_R",0,0,-3.07324,17.5056,0.1154723,1,0,0,1,1,"右腕",0,"",0,0,0,0,0,0,1,"",1,-0.7257241,-0.687461,0.02686759,0,1,0,0,0,0,1,0,0,"",0,57.29578
Bone,"右腕捩1","",0,0,-2.260856,18.27515,0.08539641,1,0,0,0,1,"右腕",0,"",0,0,0,0,1,0,0.25,"右腕捩",0,0,0,0,0,1,0,0,0,0,1,0,0,"",0,57.29578
Bone,"右腕捩2","",0,0,-2.803895,17.76074,0.1055007,1,0,0,0,1,"右腕",0,"",0,0,0,0,1,0,0.5,"右腕捩",0,0,0,0,0,1,0,0,0,0,1,0,0,"",0,57.29578
Bone,"右腕捩3","",0,0,-3.446934,17.14634,0.1256049,1,0,0,0,1,"右腕",0,"",0,0,0,0,1,0,0.75,"右腕捩",0,0,0,0,0,1,0,0,0,0,1,0,0,"",0,57.29578
Bone,"左腕","arm_L",0,0,1.541864,18.95623,0.05877804,1,0,0,1,1,"左肩C",1,"左ひじ",0,0,0,0,0,0,1,"",0,0,0,0,1,0.7259833,-0.6877068,-0.002763873,-0.001941347,0.001969555,-0.9999962,0,0,"",0,57.29578
Bone,"左腕捩","arm twist_L",0,0,3.07324,17.5056,0.1154723,1,0,0,1,1,"左腕",0,"",0,0,0,0,0,0,1,"",1,0.7257241,-0.687461,0.02686759,0,1,0,0,0,0,1,0,0,"",0,57.29578
Bone,"左腕捩1","",0,0,2.260856,18.27515,0.08539641,1,0,0,0,1,"左腕",0,"",0,0,0,0,1,0,0.25,"左腕捩",0,0,0,0,0,1,0,0,0,0,1,0,0,"",0,57.29578
Bone,"左腕捩2","",0,0,2.803895,17.76074,0.1055007,1,0,0,0,1,"左腕",0,"",0,0,0,0,1,0,0.5,"左腕捩",0,0,0,0,0,1,0,0,0,0,1,0,0,"",0,57.29578
Bone,"左腕捩3","",0,0,3.446934,17.14634,0.1256049,1,0,0,0,1,"左腕",0,"",0,0,0,0,1,0,0.75,"左腕捩",0,0,0,0,0,1,0,0,0,0,1,0,0,"",0,57.29578
Bone,"右ひじ","elbow_R",0,0,-4.194157,16.43851,0.04906126,1,0,0,1,1,"右腕捩",1,"右手首",0,0,0,0,0,0,1,"",0,0,0,0,1,-0.7801558,-0.6254573,-0.01265084,0.009870509,0.00791308,-0.99992,0,0,"",0,57.29578
Bone,"右手捩","wrist twist_R",0,0,-5.859195,15.0838,0.02368295,1,0,0,1,1,"右ひじ",0,"",0,0,0,0,0,0,1,"",1,-0.7801558,-0.6254575,-0.01265084,0,1,0,0,0,0,1,0,0,"",0,57.29578
Bone,"右手捩1","",0,0,-5.004728,15.78866,0.03591723,1,0,0,0,1,"右ひじ",0,"",0,0,0,0,1,0,0.25,"右手捩",0,0,0,0,0,1,0,0,0,0,1,0,0,"",0,57.29578
Bone,"右手捩2","",0,0,-5.634446,15.26399,0.02732744,1,0,0,0,1,"右ひじ",0,"",0,0,0,0,1,0,0.5,"右手捩",0,0,0,0,0,1,0,0,0,0,1,0,0,"",0,57.29578
Bone,"右手捩3","",0,0,-6.164164,14.83931,0.01873764,1,0,0,0,1,"右ひじ",0,"",0,0,0,0,1,0,0.75,"右手捩",0,0,0,0,0,1,0,0,0,0,1,0,0,"",0,57.29578
Bone,"右手首","wrist_R",0,0,-6.902553,14.24733,0.006764084,1,0,0,1,1,"右手捩",1,"右手先",0,0,0,0,0,0,1,"",0,0,0,0,1,-0.8130642,-0.5818447,0.0195812,-0.01592374,-0.01139552,-0.9998083,0,0,"",0,57.29578
Bone,"左ひじ","elbow_L",0,0,4.194157,16.43851,0.04906126,1,0,0,1,1,"左腕捩",1,"左手首",0,0,0,0,0,0,1,"",0,0,0,0,1,0.7801557,-0.6254575,-0.01265084,-0.009860038,0.007926139,-0.99992,0,0,"",0,57.29578
Bone,"左手捩","wrist twist_L",0,0,5.859195,15.0838,0.02368295,1,0,0,1,1,"左ひじ",0,"",0,0,0,0,0,0,1,"",1,0.7801558,-0.6254575,-0.01265084,0,1,0,0,0,0,1,0,0,"",0,57.29578
Bone,"左手捩1","",0,0,5.004728,15.78866,0.03591723,1,0,0,0,1,"左ひじ",0,"",0,0,0,0,1,0,0.25,"左手捩",0,0,0,0,0,1,0,0,0,0,1,0,0,"",0,57.29578
Bone,"左手捩2","",0,0,5.634446,15.26399,0.02732744,1,0,0,0,1,"左ひじ",0,"",0,0,0,0,1,0,0.5,"左手捩",0,0,0,0,0,1,0,0,0,0,1,0,0,"",0,57.29578
Bone,"左手捩3","",0,0,6.164164,14.83931,0.01873764,1,0,0,0,1,"左ひじ",0,"",0,0,0,0,1,0,0.75,"左手捩",0,0,0,0,0,1,0,0,0,0,1,0,0,"",0,57.29578
Bone,"左手首","wrist_L",0,0,6.902553,14.24733,0.006764084,1,0,0,1,1,"左手捩",1,"左手先",0,0,0,0,0,0,1,"",0,0,0,0,1,0.8130642,-0.5818447,0.01958118,0.01591488,-0.01140786,-0.9998083,0,0,"",0,57.29578
Bone,"首","neck",0,0,0,19.5216,-0.01803327,1,0,0,1,1,"上半身2",1,"頭",0,0,0,0,0,0,1,"",0,0,0,0,0,1,0,0,0,0,1,0,0,"",0,57.29578
Bone,"頭","head",0,0,0,20.29256,-0.03357374,1,0,0,1,1,"首",0,"",0,1,0,0,0,0,1,"",0,0,0,0,0,1,0,0,0,0,1,0,0,"",0,57.29578
Bone,"上の歯","",0,0,0,20.32097,-0.4624801,1,1,0,0,1,"頭",0,"",0,0,0,0,0,0,1,"",0,0,0,0,0,1,0,0,0,0,1,0,0,"",0,57.29578
Bone,"下の歯","",0,0,0,20.21172,-0.4562914,1,1,0,0,1,"頭",0,"",0,0,0,0,0,0,1,"",0,0,0,0,0,1,0,0,0,0,1,0,0,"",0,57.29578
Bone,"両目","eyes",0,0,0,22.79459,-0.385563,1,0,0,1,1,"頭",1,"両目先",0,0,0,0,0,0,1,"",0,0,0,0,0,1,0,0,0,0,1,0,0,"",0,57.29578
Bone,"右目","左目",2,0,-0.3239731,20.95943,-0.7051509,1,0,0,1,1,"頭",1,"右目先",0,0,0,0,1,0,1,"両目",0,0,0,0,0,1,0,0,0,0,1,0,0,"",0,57.29578
Bone,"左目","左目",2,0,0.3204035,20.95943,-0.7061583,1,0,0,1,1,"頭",1,"左目先",0,0,0,0,1,0,1,"両目",0,0,0,0,0,1,0,0,0,0,1,0,0,"",0,57.29578
Bone,"右目先","左目先",2,0,-0.4160804,20.95943,-1.076684,1,0,0,0,1,"右目",1,"",0,0,0,0,0,0,1,"",0,0,0,0,0,1,0,0,0,0,1,0,0,"",0,57.29578
Bone,"左目先","左目先",2,0,0.418981,20.95943,-1.076027,1,0,0,0,1,"左目",1,"",0,0,0,0,0,0,1,"",0,0,0,0,0,1,0,0,0,0,1,0,0,"",0,57.29578
Bone,"舌","",0,0,0,20.10347,-0.4773985,1,1,0,1,1,"頭",1,"舌先",0,0,0,0,0,0,1,"",0,0,0,0,0,1,0,0,0,0,1,0,0,"",0,57.29578
Bone,"舌先","",0,0,0,20.14166,-0.8601689,1,0,0,1,1,"舌",0,"",0,-0.03058776,-0.1019592,0,0,0,1,"",0,0,0,0,0,1,0,0,0,0,1,0,0,"",0,57.29578
Bone,"センター先","",0,0,0,0,0.08535064,1,0,0,0,1,"センター",0,"",0,0,0,0,0,0,1,"",0,0,0,0,0,1,0,0,0,0,1,0,0,"",0,57.29578
Bone,"上半身2先","",0,0,0,19.5216,-0.01803327,1,0,0,0,1,"上半身2",0,"",0,0,0,0,0,0,1,"",0,0,0,0,0,1,0,0,0,0,1,0,0,"",0,57.29578
Bone,"下半身先","",0,0,0,12.39781,-0.1290866,1,0,0,0,1,"下半身",0,"",0,0,0,0,0,0,1,"",0,0,0,0,0,1,0,0,0,0,1,0,0,"",0,57.29578
Bone,"右つま先ＩＫ先","",1,0,-1.106195,-0.9889261,-2.771302,1,0,0,0,1,"右つま先ＩＫ",0,"",0,0,0,0,0,0,1,"",0,0,0,0,0,1,0,0,0,0,1,0,0,"",0,57.29578
Bone,"左つま先ＩＫ先","",1,0,1.086751,-0.9889261,-2.771302,1,0,0,0,1,"左つま先ＩＫ",0,"",0,0,0,0,0,0,1,"",0,0,0,0,0,1,0,0,0,0,1,0,0,"",0,57.29578
Bone,"頭先","",0,0,0,21.46916,0.04730038,1,0,0,0,1,"頭",0,"",0,0,0,0,0,0,1,"",0,0,0,0,0,1,0,0,0,0,1,0,0,"",0,57.29578
Bone,"両目先","",0,0,0,22.78111,-1.386491,1,0,0,0,1,"両目",0,"",0,0,0,0,0,0,1,"",0,0,0,0,0,1,0,0,0,0,1,0,0,"",0,57.29578
Bone,"左手先","",0,0,7.472232,13.83966,0.02048379,1,0,0,0,1,"左手首",0,"",0.02538493,0,0,0,0,0,1,"",0,0,0,0,0,1,0,0,0,0,1,0,0,"",0,57.29578
Bone,"右手先","",0,0,-7.472232,13.83966,0.0204838,1,0,0,0,1,"右手首",0,"",-0.02538493,0,0,0,0,0,1,"",0,0,0,0,0,1,0,0,0,0,1,0,0,"",0,57.29578
Bone,"右足ＩＫ先","",1,0,-1.017907,1.357696,1.025799,1,0,0,0,1,"右足ＩＫ",0,"",0,0,0,0,0,0,1,"",0,0,0,0,0,1,0,0,0,0,1,0,0,"",0,57.29578
Bone,"左足ＩＫ先","",1,0,1.017907,1.357696,1.025799,1,0,0,0,1,"左足ＩＫ",0,"",0,0,0,0,0,0,1,"",0,0,0,0,0,1,0,0,0,0,1,0,0,"",0,57.29578
Bone,"左人指握","fore1_R",0,0,7.881028,13.96504,-0.3083324,1,0,0,1,1,"左手首",0,"",0,0,0.5,0,0,0,1,"",1,0,0,1,1,0,0,1,-1,0,0,0,0,"",0,57.29578
Bone,"左中指握","middle1_R",0,0,7.910188,13.9984,-0.05680687,1,0,0,1,1,"左手首",0,"",0,0,0.5,0,0,0,1,"",1,0,0,1,1,0,0,1,-1,0,0,0,0,"",0,57.29578
Bone,"左薬指握","third1_R",0,0,7.845316,13.99919,0.1913385,1,0,0,1,1,"左手首",0,"",0,0,0.5,0,0,0,1,"",1,0,0,1,1,0,0,1,-1,0,0,0,0,"",0,57.29578
Bone,"左小指握","little1_R",0,0,7.762463,13.96344,0.4021476,1,0,0,1,1,"左手首",0,"",0,0,0.5,0,0,0,1,"",1,0,0,1,1,0,0,1,-1,0,0,0,0,"",0,57.29578
Bone,"左親指握","thumb2_R",0,0,7.579377,13.90087,-0.7525501,1,0,0,1,1,"左手首",0,"",0.3,0.35,0,0,0,0,1,"",1,0.6,0.7,0,1,0.6441357,0.7649112,0,0,0,1,0,0,"",0,57.29578
Bone,"左握り","wrist_L",0,0,8.712243,13.41649,0.006764084,1,0,0,1,1,"左手首",0,"",0,0,0.5,0,0,0,1,"",1,0,0,1,1,0,0,1,-1,0,0,0,0,"",0,57.29578
Bone,"左拡散","wrist_L",0,0,8.913319,13.27802,0.006764084,1,0,0,1,1,"左手首",0,"",0.32,0.38,0,0,0,0,1,"",1,0.64,0.76,0,1,0.6441357,0.7649112,0,0,0,1,0,0,"",0,57.29578
Bone,"右人指握","fore1_R",0,0,-7.881028,13.96504,-0.3083324,1,0,0,1,1,"右手首",0,"",0,0,0.5,0,0,0,1,"",1,0,0,1,1,0,0,1,-1,0,0,0,0,"",0,57.29578
Bone,"右中指握","middle1_R",0,0,-7.910188,13.9984,-0.05680687,1,0,0,1,1,"右手首",0,"",0,0,0.5,0,0,0,1,"",1,0,0,1,1,0,0,1,-1,0,0,0,0,"",0,57.29578
Bone,"右薬指握","third1_R",0,0,-7.845316,13.99919,0.1913385,1,0,0,1,1,"右手首",0,"",0,0,0.5,0,0,0,1,"",1,0,0,1,1,0,0,1,-1,0,0,0,0,"",0,57.29578
Bone,"右小指握","little1_R",0,0,-7.762463,13.96344,0.4021476,1,0,0,1,1,"右手首",0,"",0,0,0.5,0,0,0,1,"",1,0,0,1,1,0,0,1,-1,0,0,0,0,"",0,57.29578
Bone,"右親指握","thumb2_R",0,0,-7.579377,13.90087,-0.7525501,1,0,0,1,1,"右手首",0,"",-0.3,0.35,0,0,0,0,1,"",1,-0.6,0.7,0,1,-0.6441357,0.7649112,0,0,0,1,0,0,"",0,57.29578
Bone,"右握り","wrist_R",0,0,-8.712243,13.41649,0.006764084,1,0,0,1,1,"右手首",0,"",0,0,0.5,0,0,0,1,"",1,0,0,1,1,0,0,1,-1,0,0,0,0,"",0,57.29578
Bone,"右拡散","wrist_R",0,0,-8.913319,13.27802,0.006764084,1,0,0,1,1,"右手首",0,"",-0.32,0.38,0,0,0,0,1,"",1,-0.64,0.76,0,1,-0.6441357,0.7649112,0,0,0,1,0,0,"",0,57.29578
Bone,"右中指１拡１","middle1_R",0,0,-7.68562,13.86376,-0.05680687,1,0,0,0,1,"右手首",0,"",0,1E-05,0,0,1,0,0.11,"右拡散",0,0,0,0,1,-0.758797,-0.6513261,0.001209634,-0.0008999443,-0.000808747,-0.9999992,0,0,"",0,57.29578
Bone,"右中指１握１","middle1_R",0,0,-7.68562,13.86376,-0.05680687,1,0,0,0,1,"右中指１拡１",0,"",0,1E-05,0,0,1,0,0.85,"右握り",0,0,0,0,1,-0.758797,-0.6513261,0.001209634,-0.0008999443,-0.000808747,-0.9999992,0,0,"",0,57.29578
Bone,"右中指１握２","middle1_R",0,0,-7.68562,13.86376,-0.05680687,1,0,0,0,1,"右中指１握１",0,"",0,1E-05,0,0,1,0,0.85,"右中指握",0,0,0,0,1,-0.758797,-0.6513261,0.001209634,-0.0008999443,-0.000808747,-0.9999992,0,0,"",0,57.29578
Bone,"右中指１","middle1_R",0,0,-7.68562,13.86376,-0.05680687,1,0,0,1,1,"右中指１握２",1,"右中指２",0,0,0,0,0,0,1,"",0,0,0,0,1,-0.758797,-0.6513261,0.001209634,-0.0008999443,-0.000808747,-0.9999992,0,0,"",0,57.29578
Bone,"右中指２握１","middle2_R",0,0,-8.104996,13.50379,-0.05613833,1,0,0,0,1,"右中指１",0,"",0,1E-05,0,0,1,0,1.18,"右握り",0,0,0,0,1,-0.7975634,-0.6032231,0.003805165,-0.003036354,-0.002293435,-0.9999928,0,0,"",0,57.29578
Bone,"右中指２握２","middle2_R",0,0,-8.104996,13.50379,-0.05613833,1,0,0,0,1,"右中指２握１",0,"",0,1E-05,0,0,1,0,1.18,"右中指握",0,0,0,0,1,-0.7975634,-0.6032231,0.003805165,-0.003036354,-0.002293435,-0.9999928,0,0,"",0,57.29578
Bone,"右中指２","middle2_R",0,0,-8.104996,13.50379,-0.05613833,1,0,0,1,1,"右中指２握２",1,"右中指３",0,0,0,0,0,0,1,"",0,0,0,0,1,-0.7975634,-0.6032231,0.003805165,-0.003036354,-0.002293435,-0.9999928,0,0,"",0,57.29578
Bone,"右中指３握１","middle3_R",0,0,-8.400089,13.2806,-0.05473045,1,0,0,0,1,"右中指２",0,"",0,1E-05,0,0,1,0,0.39,"右握り",0,0,0,0,1,-0.7986333,-0.601818,0,0,0,-1,0,0,"",0,57.29578
Bone,"右中指３握２","middle3_R",0,0,-8.400089,13.2806,-0.05473045,1,0,0,0,1,"右中指３握１",0,"",0,1E-05,0,0,1,0,0.39,"右中指握",0,0,0,0,1,-0.7986333,-0.601818,0,0,0,-1,0,0,"",0,57.29578
Bone,"右中指３","middle3_R",0,0,-8.400089,13.2806,-0.05473045,1,0,0,1,1,"右中指３握２",1,"右中指先",0,0,0,0,0,0,1,"",0,0,0,0,1,-0.7986333,-0.601818,0,0,0,-1,0,0,"",0,57.29578
Bone,"右人指１拡１","fore1_R",0,0,-7.657309,13.83074,-0.3083324,1,0,0,0,1,"右手首",0,"",0,1E-05,0,0,1,0,0.51,"右拡散",0,0,0,0,1,-0.7428197,-0.6694915,-8.314027E-06,-8.314036E-06,2.164308E-05,-1,0,0,"",0,57.29578
Bone,"右人指１握１","fore1_R",0,0,-7.657309,13.83074,-0.3083324,1,0,0,0,1,"右人指１拡１",0,"",0,1E-05,0,0,1,0,0.75,"右握り",0,0,0,0,1,-0.7428197,-0.6694915,-8.314027E-06,-8.314036E-06,2.164308E-05,-1,0,0,"",0,57.29578
Bone,"右人指１握２","fore1_R",0,0,-7.657309,13.83074,-0.3083324,1,0,0,0,1,"右人指１握１",0,"",0,1E-05,0,0,1,0,0.75,"右人指握",0,0,0,0,1,-0.7428197,-0.6694915,-8.314027E-06,-8.314036E-06,2.164308E-05,-1,0,0,"",0,57.29578
Bone,"右人指１","fore1_R",0,0,-7.657309,13.83074,-0.3083324,1,0,0,1,1,"右人指１握２",1,"右人指２",0,0,0,0,0,0,1,"",0,0,0,0,1,-0.7428197,-0.6694915,-8.314027E-06,-8.314036E-06,2.164308E-05,-1,0,0,"",0,57.29578
Bone,"右人指２握１","fore2_R",0,0,-8.010242,13.51264,-0.3083364,1,0,0,0,1,"右人指１",0,"",0,1E-05,0,0,1,0,1.3,"右握り",0,0,0,0,1,-0.7945956,-0.6070991,0.006960928,-0.005530611,-0.004226922,-0.9999758,0,0,"",0,57.29578
Bone,"右人指２握２","fore2_R",0,0,-8.010242,13.51264,-0.3083364,1,0,0,0,1,"右人指２握１",0,"",0,1E-05,0,0,1,0,1.3,"右人指握",0,0,0,0,1,-0.7945956,-0.6070991,0.006960928,-0.005530611,-0.004226922,-0.9999758,0,0,"",0,57.29578
Bone,"右人指２","fore2_R",0,0,-8.010242,13.51264,-0.3083364,1,0,0,1,1,"右人指２握２",1,"右人指３",0,0,0,0,0,0,1,"",0,0,0,0,1,-0.7945956,-0.6070991,0.006960928,-0.005530611,-0.004226922,-0.9999758,0,0,"",0,57.29578
Bone,"右人指３握１","fore3_R",0,0,-8.267783,13.31587,-0.3060803,1,0,0,0,1,"右人指２",0,"",0,1E-05,0,0,1,0,0.39,"右握り",0,0,0,0,1,-0.7986205,-0.6018351,0,0,0,-1,0,0,"",0,57.29578
Bone,"右人指３握２","fore3_R",0,0,-8.267783,13.31587,-0.3060803,1,0,0,0,1,"右人指３握１",0,"",0,1E-05,0,0,1,0,0.39,"右人指握",0,0,0,0,1,-0.7986205,-0.6018351,0,0,0,-1,0,0,"",0,57.29578
Bone,"右人指３","fore3_R",0,0,-8.267783,13.31587,-0.3060803,1,0,0,1,1,"右人指３握２",1,"右人差指先",0,0,0,0,0,0,1,"",0,0,0,0,1,-0.7986205,-0.6018351,0,0,0,-1,0,0,"",0,57.29578
Bone,"右小指０","",0,0,-6.962865,14.31897,0.2566361,1,0,0,1,1,"右手首",1,"右小指１",0,0,0,0,0,0,1,"",0,0,0,0,1,-0.749965,-0.6340894,0.1883699,0.143846,0.1216205,0.9820981,0,0,"",0,57.29578
Bone,"右小指１拡１","little1_R",0,0,-7.542197,13.82915,0.4021476,1,0,0,0,1,"右小指０",0,"",0,1E-05,0,0,1,0,-0.75,"右拡散",0,0,0,0,1,-0.8005124,-0.5993067,-0.003395396,0.002718507,0.002034315,-0.9999943,0,0,"",0,57.29578
Bone,"右小指１握１","little1_R",0,0,-7.542197,13.82915,0.4021476,1,0,0,0,1,"右小指１拡１",0,"",0,1E-05,0,0,1,0,1,"右握り",0,0,0,0,1,-0.8005124,-0.5993067,-0.003395396,0.002718507,0.002034315,-0.9999943,0,0,"",0,57.29578
Bone,"右小指１握２","little1_R",0,0,-7.542197,13.82915,0.4021476,1,0,0,0,1,"右小指１握１",0,"",0,1E-05,0,0,1,0,1,"右小指握",0,0,0,0,1,-0.8005124,-0.5993067,-0.003395396,0.002718507,0.002034315,-0.9999943,0,0,"",0,57.29578
Bone,"右小指１","little1_R",0,0,-7.542197,13.82915,0.4021476,1,0,0,1,1,"右小指１握２",1,"右小指２",0,0,0,0,0,0,1,"",0,0,0,0,1,-0.8005124,-0.5993067,-0.003395396,0.002718507,0.002034315,-0.9999943,0,0,"",0,57.29578
Bone,"右小指２握１","little2_R",0,0,-7.833656,13.61094,0.4009113,1,0,0,0,1,"右小指１",0,"",0,1E-05,0,0,1,0,1,"右握り",0,0,0,0,1,-0.8237587,-0.5669358,0.002326145,-0.001913008,-0.001323399,-0.9999973,0,0,"",0,57.29578
Bone,"右小指２握２","little2_R",0,0,-7.833656,13.61094,0.4009113,1,0,0,0,1,"右小指２握１",0,"",0,1E-05,0,0,1,0,1,"右小指握",0,0,0,0,1,-0.8237587,-0.5669358,0.002326145,-0.001913008,-0.001323399,-0.9999973,0,0,"",0,57.29578
Bone,"右小指２","little2_R",0,0,-7.833656,13.61094,0.4009113,1,0,0,1,1,"右小指２握２",1,"右小指３",0,0,0,0,0,0,1,"",0,0,0,0,1,-0.8237587,-0.5669358,0.002326145,-0.001913008,-0.001323399,-0.9999973,0,0,"",0,57.29578
Bone,"右小指３握１","little3_R",0,0,-8.035774,13.47184,0.4014821,1,0,0,0,1,"右小指２",0,"",0,1E-05,0,0,1,0,0.5,"右握り",0,0,0,0,1,-0.798637,-0.601813,0,0,0,-1,0,0,"",0,57.29578
Bone,"右小指３握２","little3_R",0,0,-8.035774,13.47184,0.4014821,1,0,0,0,1,"右小指３握１",0,"",0,1E-05,0,0,1,0,0.5,"右小指握",0,0,0,0,1,-0.798637,-0.601813,0,0,0,-1,0,0,"",0,57.29578
Bone,"右小指３","little3_R",0,0,-8.035774,13.47184,0.4014821,1,0,0,1,1,"右小指３握２",1,"右小指先",0,0,0,0,0,0,1,"",0,0,0,0,1,-0.798637,-0.601813,0,0,0,-1,0,0,"",0,57.29578
Bone,"右薬指０","",0,0,-6.962865,14.31897,0.09794031,1,0,0,1,1,"右手首",1,"右薬指１",0,0,0,0,0,0,1,"",0,0,0,0,1,-0.8180167,-0.5634175,0.1157994,0.09536719,0.06568561,0.9932727,0,0,"",0,57.29578
Bone,"右薬指１拡１","third1_R",0,0,-7.622637,13.86455,0.1913385,1,0,0,0,1,"右薬指０",0,"",0,1E-05,0,0,1,0,-0.25,"右拡散",0,0,0,0,1,-0.7784963,-0.627639,-0.003583413,0.002790119,0.002248575,-0.9999936,0,0,"",0,57.29578
Bone,"右薬指１握１","third1_R",0,0,-7.622637,13.86455,0.1913385,1,0,0,0,1,"右薬指１拡１",0,"",0,1E-05,0,0,1,0,0.95,"右握り",0,0,0,0,1,-0.7784963,-0.627639,-0.003583413,0.002790119,0.002248575,-0.9999936,0,0,"",0,57.29578
Bone,"右薬指１握２","third1_R",0,0,-7.622637,13.86455,0.1913385,1,0,0,0,1,"右薬指１握１",0,"",0,1E-05,0,0,1,0,0.95,"右薬指握",0,0,0,0,1,-0.7784963,-0.627639,-0.003583413,0.002790119,0.002248575,-0.9999936,0,0,"",0,57.29578
Bone,"右薬指１","third1_R",0,0,-7.622637,13.86455,0.1913385,1,0,0,1,1,"右薬指１握２",1,"右薬指２",0,0,0,0,0,0,1,"",0,0,0,0,1,-0.7784963,-0.627639,-0.003583413,0.002790119,0.002248575,-0.9999936,0,0,"",0,57.29578
Bone,"右薬指２握１","third2_R",0,0,-7.999884,13.5604,0.189602,1,0,0,0,1,"右薬指１",0,"",0,1E-05,0,0,1,0,1.1,"右握り",0,0,0,0,1,-0.7879757,-0.6157017,0.002388044,-0.001879528,-0.00147314,-0.9999972,0,0,"",0,57.29578
Bone,"右薬指２握２","third2_R",0,0,-7.999884,13.5604,0.189602,1,0,0,0,1,"右薬指２握１",0,"",0,1E-05,0,0,1,0,1.1,"右薬指握",0,0,0,0,1,-0.7879757,-0.6157017,0.002388044,-0.001879528,-0.00147314,-0.9999972,0,0,"",0,57.29578
Bone,"右薬指２","third2_R",0,0,-7.999884,13.5604,0.189602,1,0,0,1,1,"右薬指２握２",1,"右薬指３",0,0,0,0,0,0,1,"",0,0,0,0,1,-0.7879757,-0.6157017,0.002388044,-0.001879528,-0.00147314,-0.9999972,0,0,"",0,57.29578
Bone,"右薬指３握１","third3_R",0,0,-8.275827,13.34479,0.1904383,1,0,0,0,1,"右薬指２",0,"",0,1E-05,0,0,1,0,0.45,"右握り",0,0,0,0,1,-0.7986531,-0.6017916,0,0,0,-1,0,0,"",0,57.29578
Bone,"右薬指３握２","third3_R",0,0,-8.275827,13.34479,0.1904383,1,0,0,0,1,"右薬指３握１",0,"",0,1E-05,0,0,1,0,0.45,"右薬指握",0,0,0,0,1,-0.7986531,-0.6017916,0,0,0,-1,0,0,"",0,57.29578
Bone,"右薬指３","third3_R",0,0,-8.275827,13.34479,0.1904383,1,0,0,1,1,"右薬指３握２",1,"右薬指先",0,0,0,0,0,0,1,"",0,0,0,0,1,-0.7986531,-0.6017916,0,0,0,-1,0,0,"",0,57.29578
Bone,"右親指０拡１","thumb0_R",0,0,-6.886233,14.2576,-0.2595665,1,0,0,0,1,"右手首",0,"",0,1E-05,0,0,1,0,0.51,"右拡散",0,0,0,0,1,-0.6249651,-0.6254623,-0.4671355,0.3301833,0.330446,-0.8841858,0,0,"",0,57.29578
Bone,"右親指０握１","thumb0_R",0,0,-6.886233,14.2576,-0.2595665,1,0,0,0,1,"右親指０拡１",0,"",0,1E-05,0,0,1,0,0.29,"右握り",0,0,0,0,1,-0.6249651,-0.6254623,-0.4671355,0.3301833,0.330446,-0.8841858,0,0,"",0,57.29578
Bone,"右親指０握２","thumb0_R",0,0,-6.886233,14.2576,-0.2595665,1,0,0,0,1,"右親指０握１",0,"",0,1E-05,0,0,1,0,0.19,"右親指握",0,0,0,0,1,-0.6249651,-0.6254623,-0.4671355,0.3301833,0.330446,-0.8841858,0,0,"",0,57.29578
Bone,"右親指０","thumb0_R",0,0,-6.886233,14.2576,-0.2595665,1,0,0,1,1,"右親指０握２",1,"右親指１",0,0,0,0,0,0,1,"",0,0,0,0,1,-0.6249651,-0.6254623,-0.4671355,0.3301833,0.330446,-0.8841858,0,0,"",0,57.29578
Bone,"右親指１握２","thumb1_R",0,0,-7.345205,13.79826,-0.6026284,1,0,0,0,1,"右親指０",0,"",0,1E-05,0,0,1,0,1,"右親指握",0,0,0,0,1,-0.7567599,-0.5238976,-0.3909549,0.3214425,0.2225319,-0.9204098,0,0,"",0,57.29578
Bone,"右親指１","thumb1_R",0,0,-7.345205,13.79826,-0.6026284,1,0,0,1,1,"右親指１握２",1,"右親指２",0,0,0,0,0,0,1,"",0,0,0,0,1,-0.7567599,-0.5238976,-0.3909549,0.3214425,0.2225319,-0.9204098,0,0,"",0,57.29578
Bone,"右親指２握２","thumb2_R",0,0,-7.579377,13.63615,-0.7236059,1,0,0,0,1,"右親指１",0,"",0,1E-05,0,0,1,0,1,"右親指握",0,0,0,0,1,-0.7663767,-0.5775004,-0.2813539,0.2247,0.169322,-0.9596041,0,0,"",0,57.29578
Bone,"右親指２","thumb2_R",0,0,-7.579377,13.63615,-0.7236059,1,0,0,1,1,"右親指２握２",1,"右親指先",0,0,0,0,0,0,1,"",0,0,0,0,1,-0.7663767,-0.5775004,-0.2813539,0.2247,0.169322,-0.9596041,0,0,"",0,57.29578
Bone,"右中指先","",0,0,-8.642446,13.09797,-0.05473045,1,0,0,0,1,"右中指３",0,"",0,0,0,0,0,0,1,"",0,0,0,0,0,1,0,0,0,0,1,0,0,"",0,57.29578
Bone,"右人差指先","",0,0,-8.51692,13.12813,-0.3060803,1,0,0,0,1,"右人指３",0,"",0,0,0,0,0,0,1,"",0,0,0,0,0,1,0,0,0,0,1,0,0,"",0,57.29578
Bone,"右小指先","",0,0,-8.268108,13.29677,0.4014821,1,0,0,0,1,"右小指３",0,"",0,0,0,0,0,0,1,"",0,0,0,0,0,1,0,0,0,0,1,0,0,"",0,57.29578
Bone,"右薬指先","",0,0,-8.543071,13.14342,0.1904383,1,0,0,0,1,"右薬指３",0,"",0,0,0,0,0,0,1,"",0,0,0,0,0,1,0,0,0,0,1,0,0,"",0,57.29578
Bone,"右親指先","",0,0,-7.921308,13.37849,-0.8491362,1,0,0,0,1,"右親指２",0,"",0,0,0,0,0,0,1,"",0,0,0,0,0,1,0,0,0,0,1,0,0,"",0,57.29578
Bone,"左中指１拡１","middle1_R",0,0,7.68562,13.86376,-0.05680687,1,0,0,0,1,"左手首",0,"",0,1E-05,0,0,1,0,0.11,"左拡散",0,0,0,0,1,0.758797,-0.6513261,0.001209634,0.001209634,-0.0004479575,-0.9999992,0,0,"",0,57.29578
Bone,"左中指１握１","middle1_R",0,0,7.68562,13.86376,-0.05680687,1,0,0,0,1,"左中指１拡１",0,"",0,1E-05,0,0,1,0,0.85,"左握り",0,0,0,0,1,0.758797,-0.6513261,0.001209634,0.001209634,-0.0004479575,-0.9999992,0,0,"",0,57.29578
Bone,"左中指１握２","middle1_R",0,0,7.68562,13.86376,-0.05680687,1,0,0,0,1,"左中指１握１",0,"",0,1E-05,0,0,1,0,0.85,"左中指握",0,0,0,0,1,0.758797,-0.6513261,0.001209634,0.001209634,-0.0004479575,-0.9999992,0,0,"",0,57.29578
Bone,"左中指１","middle1_R",0,0,7.68562,13.86376,-0.05680687,1,0,0,1,1,"左中指１握２",1,"左中指２",0,0,0,0,0,0,1,"",0,0,0,0,1,0.758797,-0.6513261,0.001209634,0.001209634,-0.0004479575,-0.9999992,0,0,"",0,57.29578
Bone,"左中指２握１","middle2_R",0,0,8.104996,13.50379,-0.05613833,1,0,0,0,1,"左中指１",0,"",0,1E-05,0,0,1,0,1.18,"左握り",0,0,0,0,1,0.7975633,-0.6032232,0.003805163,0.003025874,-0.002307288,-0.9999928,0,0,"",0,57.29578
Bone,"左中指２握２","middle2_R",0,0,8.104996,13.50379,-0.05613833,1,0,0,0,1,"左中指２握１",0,"",0,1E-05,0,0,1,0,1.18,"左中指握",0,0,0,0,1,0.7975633,-0.6032232,0.003805163,0.003025874,-0.002307288,-0.9999928,0,0,"",0,57.29578
Bone,"左中指２","middle2_R",0,0,8.104996,13.50379,-0.05613833,1,0,0,1,1,"左中指２握２",1,"左中指３",0,0,0,0,0,0,1,"",0,0,0,0,1,0.7975633,-0.6032232,0.003805163,0.003025874,-0.002307288,-0.9999928,0,0,"",0,57.29578
Bone,"左中指３握１","middle3_R",0,0,8.400089,13.2806,-0.05473045,1,0,0,0,1,"左中指２",0,"",0,1E-05,0,0,1,0,0.39,"左握り",0,0,0,0,1,0.7986333,-0.6018179,0,0,0,-1,0,0,"",0,57.29578
Bone,"左中指３握２","middle3_R",0,0,8.400089,13.2806,-0.05473045,1,0,0,0,1,"左中指３握１",0,"",0,1E-05,0,0,1,0,0.39,"左中指握",0,0,0,0,1,0.7986333,-0.6018179,0,0,0,-1,0,0,"",0,57.29578
Bone,"左中指３","middle3_R",0,0,8.400089,13.2806,-0.05473045,1,0,0,1,1,"左中指３握２",1,"左中指先",0,0,0,0,0,0,1,"",0,0,0,0,1,0.7986333,-0.6018179,0,0,0,-1,0,0,"",0,57.29578
Bone,"左人指１拡１","fore1_R",0,0,7.657309,13.83074,-0.3083324,1,0,0,0,1,"左手首",0,"",0,1E-05,0,0,1,0,0.51,"左拡散",0,0,0,0,1,0.7428197,-0.6694915,-8.314027E-06,-8.314028E-06,3.193772E-06,-1,0,0,"",0,57.29578
Bone,"左人指１握１","fore1_R",0,0,7.657309,13.83074,-0.3083324,1,0,0,0,1,"左人指１拡１",0,"",0,1E-05,0,0,1,0,0.75,"左握り",0,0,0,0,1,0.7428197,-0.6694915,-8.314027E-06,-8.314028E-06,3.193772E-06,-1,0,0,"",0,57.29578
Bone,"左人指１握２","fore1_R",0,0,7.657309,13.83074,-0.3083324,1,0,0,0,1,"左人指１握１",0,"",0,1E-05,0,0,1,0,0.75,"左人指握",0,0,0,0,1,0.7428197,-0.6694915,-8.314027E-06,-8.314028E-06,3.193772E-06,-1,0,0,"",0,57.29578
Bone,"左人指１","fore1_R",0,0,7.657309,13.83074,-0.3083324,1,0,0,1,1,"左人指１握２",1,"左人指２",0,0,0,0,0,0,1,"",0,0,0,0,1,0.7428197,-0.6694915,-8.314027E-06,-8.314028E-06,3.193772E-06,-1,0,0,"",0,57.29578
Bone,"左人指２握１","fore2_R",0,0,8.010242,13.51264,-0.3083364,1,0,0,0,1,"左人指１",0,"",0,1E-05,0,0,1,0,1.3,"左握り",0,0,0,0,1,0.7945956,-0.6070992,0.006960927,0.005554794,-0.004195268,-0.9999758,0,0,"",0,57.29578
Bone,"左人指２握２","fore2_R",0,0,8.010242,13.51264,-0.3083364,1,0,0,0,1,"左人指２握１",0,"",0,1E-05,0,0,1,0,1.3,"左人指握",0,0,0,0,1,0.7945956,-0.6070992,0.006960927,0.005554794,-0.004195268,-0.9999758,0,0,"",0,57.29578
Bone,"左人指２","fore2_R",0,0,8.010242,13.51264,-0.3083364,1,0,0,1,1,"左人指２握２",1,"左人指３",0,0,0,0,0,0,1,"",0,0,0,0,1,0.7945956,-0.6070992,0.006960927,0.005554794,-0.004195268,-0.9999758,0,0,"",0,57.29578
Bone,"左人指３握１","fore3_R",0,0,8.267783,13.31587,-0.3060803,1,0,0,0,1,"左人指２",0,"",0,1E-05,0,0,1,0,0.39,"左握り",0,0,0,0,1,0.7986204,-0.6018351,0,0,0,-1,0,0,"",0,57.29578
Bone,"左人指３握２","fore3_R",0,0,8.267783,13.31587,-0.3060803,1,0,0,0,1,"左人指３握１",0,"",0,1E-05,0,0,1,0,0.39,"左人指握",0,0,0,0,1,0.7986204,-0.6018351,0,0,0,-1,0,0,"",0,57.29578
Bone,"左人指３","fore3_R",0,0,8.267783,13.31587,-0.3060803,1,0,0,1,1,"左人指３握２",1,"左人差指先",0,0,0,0,0,0,1,"",0,0,0,0,1,0.7986204,-0.6018351,0,0,0,-1,0,0,"",0,57.29578
Bone,"左小指０","",0,0,6.962865,14.31897,0.2566361,1,0,0,1,1,"左手首",1,"左小指１",0,0,0,0,0,0,1,"",0,0,0,0,1,0.7499648,-0.6340896,0.18837,-0.1438464,0.1216202,0.9820982,0,0,"",0,57.29578
Bone,"左小指１拡１","little1_R",0,0,7.542197,13.82915,0.4021476,1,0,0,0,1,"左小指０",0,"",0,1E-05,0,0,1,0,-0.75,"左拡散",0,0,0,0,1,0.8005122,-0.5993069,-0.003395395,-0.002709114,0.002046859,-0.9999943,0,0,"",0,57.29578
Bone,"左小指１握１","little1_R",0,0,7.542197,13.82915,0.4021476,1,0,0,0,1,"左小指１拡１",0,"",0,1E-05,0,0,1,0,1,"左握り",0,0,0,0,1,0.8005122,-0.5993069,-0.003395395,-0.002709114,0.002046859,-0.9999943,0,0,"",0,57.29578
Bone,"左小指１握２","little1_R",0,0,7.542197,13.82915,0.4021476,1,0,0,0,1,"左小指１握１",0,"",0,1E-05,0,0,1,0,1,"左小指握",0,0,0,0,1,0.8005122,-0.5993069,-0.003395395,-0.002709114,0.002046859,-0.9999943,0,0,"",0,57.29578
Bone,"左小指１","little1_R",0,0,7.542197,13.82915,0.4021476,1,0,0,1,1,"左小指１握２",1,"左小指２",0,0,0,0,0,0,1,"",0,0,0,0,1,0.8005122,-0.5993069,-0.003395395,-0.002709114,0.002046859,-0.9999943,0,0,"",0,57.29578
Bone,"左小指２握１","little2_R",0,0,7.833656,13.61094,0.4009113,1,0,0,0,1,"左小指１",0,"",0,1E-05,0,0,1,0,1,"左握り",0,0,0,0,1,0.8237587,-0.5669359,0.002326145,0.001934656,-0.001291943,-0.9999973,0,0,"",0,57.29578
Bone,"左小指２握２","little2_R",0,0,7.833656,13.61094,0.4009113,1,0,0,0,1,"左小指２握１",0,"",0,1E-05,0,0,1,0,1,"左小指握",0,0,0,0,1,0.8237587,-0.5669359,0.002326145,0.001934656,-0.001291943,-0.9999973,0,0,"",0,57.29578
Bone,"左小指２","little2_R",0,0,7.833656,13.61094,0.4009113,1,0,0,1,1,"左小指２握２",1,"左小指３",0,0,0,0,0,0,1,"",0,0,0,0,1,0.8237587,-0.5669359,0.002326145,0.001934656,-0.001291943,-0.9999973,0,0,"",0,57.29578
Bone,"左小指３握１","little3_R",0,0,8.035774,13.47184,0.4014821,1,0,0,0,1,"左小指２",0,"",0,1E-05,0,0,1,0,0.5,"左握り",0,0,0,0,1,0.798637,-0.601813,0,0,0,-1,0,0,"",0,57.29578
Bone,"左小指３握２","little3_R",0,0,8.035774,13.47184,0.4014821,1,0,0,0,1,"左小指３握１",0,"",0,1E-05,0,0,1,0,0.5,"左小指握",0,0,0,0,1,0.798637,-0.601813,0,0,0,-1,0,0,"",0,57.29578
Bone,"左小指３","little3_R",0,0,8.035774,13.47184,0.4014821,1,0,0,1,1,"左小指３握２",1,"左小指先",0,0,0,0,0,0,1,"",0,0,0,0,1,0.798637,-0.601813,0,0,0,-1,0,0,"",0,57.29578
Bone,"左薬指０","",0,0,6.962865,14.31897,0.09794031,1,0,0,1,1,"左手首",1,"左薬指１",0,0,0,0,0,0,1,"",0,0,0,0,1,0.8180165,-0.5634176,0.1157994,-0.09536749,0.06568518,0.9932726,0,0,"",0,57.29578
Bone,"左薬指１拡１","third1_R",0,0,7.622637,13.86455,0.1913385,1,0,0,0,1,"左薬指０",0,"",0,1E-05,0,0,1,0,-0.25,"左拡散",0,0,0,0,1,0.7784962,-0.6276391,-0.003583412,-0.002802076,0.002233742,-0.9999936,0,0,"",0,57.29578
Bone,"左薬指１握１","third1_R",0,0,7.622637,13.86455,0.1913385,1,0,0,0,1,"左薬指１拡１",0,"",0,1E-05,0,0,1,0,0.95,"左握り",0,0,0,0,1,0.7784962,-0.6276391,-0.003583412,-0.002802076,0.002233742,-0.9999936,0,0,"",0,57.29578
Bone,"左薬指１握２","third1_R",0,0,7.622637,13.86455,0.1913385,1,0,0,0,1,"左薬指１握１",0,"",0,1E-05,0,0,1,0,0.95,"左薬指握",0,0,0,0,1,0.7784962,-0.6276391,-0.003583412,-0.002802076,0.002233742,-0.9999936,0,0,"",0,57.29578
Bone,"左薬指１","third1_R",0,0,7.622637,13.86455,0.1913385,1,0,0,1,1,"左薬指１握２",1,"左薬指２",0,0,0,0,0,0,1,"",0,0,0,0,1,0.7784962,-0.6276391,-0.003583412,-0.002802076,0.002233742,-0.9999936,0,0,"",0,57.29578
Bone,"左薬指２握１","third2_R",0,0,7.999884,13.5604,0.189602,1,0,0,0,1,"左薬指１",0,"",0,1E-05,0,0,1,0,1.1,"左握り",0,0,0,0,1,0.7879757,-0.6157017,0.002388045,0.001912698,-0.001430691,-0.9999972,0,0,"",0,57.29578
Bone,"左薬指２握２","third2_R",0,0,7.999884,13.5604,0.189602,1,0,0,0,1,"左薬指２握１",0,"",0,1E-05,0,0,1,0,1.1,"左薬指握",0,0,0,0,1,0.7879757,-0.6157017,0.002388045,0.001912698,-0.001430691,-0.9999972,0,0,"",0,57.29578
Bone,"左薬指２","third2_R",0,0,7.999884,13.5604,0.189602,1,0,0,1,1,"左薬指２握２",1,"左薬指３",0,0,0,0,0,0,1,"",0,0,0,0,1,0.7879757,-0.6157017,0.002388045,0.001912698,-0.001430691,-0.9999972,0,0,"",0,57.29578
Bone,"左薬指３握１","third3_R",0,0,8.275827,13.34479,0.1904383,1,0,0,0,1,"左薬指２",0,"",0,1E-05,0,0,1,0,0.45,"左握り",0,0,0,0,1,0.7986531,-0.6017916,0,0,0,-1,0,0,"",0,57.29578
Bone,"左薬指３握２","third3_R",0,0,8.275827,13.34479,0.1904383,1,0,0,0,1,"左薬指３握１",0,"",0,1E-05,0,0,1,0,0.45,"左薬指握",0,0,0,0,1,0.7986531,-0.6017916,0,0,0,-1,0,0,"",0,57.29578
Bone,"左薬指３","third3_R",0,0,8.275827,13.34479,0.1904383,1,0,0,1,1,"左薬指３握２",1,"左薬指先",0,0,0,0,0,0,1,"",0,0,0,0,1,0.7986531,-0.6017916,0,0,0,-1,0,0,"",0,57.29578
Bone,"左親指０拡１","thumb0_R",0,0,6.886233,14.2576,-0.2595665,1,0,0,0,1,"左手首",0,"",0,1E-05,0,0,1,0,0.51,"左拡散",0,0,0,0,1,0.6249651,-0.6254624,-0.4671355,-0.3301835,0.3304458,-0.8841858,0,0,"",0,57.29578
Bone,"左親指０握１","thumb0_R",0,0,6.886233,14.2576,-0.2595665,1,0,0,0,1,"左親指０拡１",0,"",0,1E-05,0,0,1,0,0.29,"左握り",0,0,0,0,1,0.6249651,-0.6254624,-0.4671355,-0.3301835,0.3304458,-0.8841858,0,0,"",0,57.29578
Bone,"左親指０握２","thumb0_R",0,0,6.886233,14.2576,-0.2595665,1,0,0,0,1,"左親指０握１",0,"",0,1E-05,0,0,1,0,0.19,"左親指握",0,0,0,0,1,0.6249651,-0.6254624,-0.4671355,-0.3301835,0.3304458,-0.8841858,0,0,"",0,57.29578
Bone,"左親指０","thumb0_R",0,0,6.886233,14.2576,-0.2595665,1,0,0,1,1,"左親指０握２",1,"左親指１",0,0,0,0,0,0,1,"",0,0,0,0,1,0.6249651,-0.6254624,-0.4671355,-0.3301835,0.3304458,-0.8841858,0,0,"",0,57.29578
Bone,"左親指１握２","thumb1_R",0,0,7.345205,13.79826,-0.6026284,1,0,0,0,1,"左親指０",0,"",0,1E-05,0,0,1,0,1,"左親指握",0,0,0,0,1,0.7567599,-0.5238976,-0.3909548,-0.3214423,0.2225321,-0.9204099,0,0,"",0,57.29578
Bone,"左親指１","thumb1_R",0,0,7.345205,13.79826,-0.6026284,1,0,0,1,1,"左親指１握２",1,"左親指２",0,0,0,0,0,0,1,"",0,0,0,0,1,0.7567599,-0.5238976,-0.3909548,-0.3214423,0.2225321,-0.9204099,0,0,"",0,57.29578
Bone,"左親指２握２","thumb2_R",0,0,7.579377,13.63615,-0.7236059,1,0,0,0,1,"左親指１",0,"",0,1E-05,0,0,1,0,1,"左親指握",0,0,0,0,1,0.7663766,-0.5775005,-0.2813539,-0.2246998,0.1693223,-0.9596041,0,0,"",0,57.29578
Bone,"左親指２","thumb2_R",0,0,7.579377,13.63615,-0.7236059,1,0,0,1,1,"左親指２握２",1,"左親指先",0,0,0,0,0,0,1,"",0,0,0,0,1,0.7663766,-0.5775005,-0.2813539,-0.2246998,0.1693223,-0.9596041,0,0,"",0,57.29578
Bone,"左中指先","",0,0,8.642446,13.09797,-0.05473045,1,0,0,0,1,"左中指３",0,"",0,0,0,0,0,0,1,"",0,0,0,0,0,1,0,0,0,0,1,0,0,"",0,57.29578
Bone,"左人差指先","",0,0,8.51692,13.12813,-0.3060803,1,0,0,0,1,"左人指３",0,"",0,0,0,0,0,0,1,"",0,0,0,0,0,1,0,0,0,0,1,0,0,"",0,57.29578
Bone,"左小指先","",0,0,8.268108,13.29677,0.4014821,1,0,0,0,1,"左小指３",0,"",0,0,0,0,0,0,1,"",0,0,0,0,0,1,0,0,0,0,1,0,0,"",0,57.29578
Bone,"左薬指先","",0,0,8.543071,13.14342,0.1904383,1,0,0,0,1,"左薬指３",0,"",0,0,0,0,0,0,1,"",0,0,0,0,0,1,0,0,0,0,1,0,0,"",0,57.29578
Bone,"左親指先","",0,0,7.921308,13.37849,-0.8491362,1,0,0,0,1,"左親指２",0,"",0,0,0,0,0,0,1,"",0,0,0,0,0,1,0,0,0,0,1,0,0,"",0,57.29578
Bone,"前髪上","",0,0,0.1516388,22.57479,-0.6551918,1,0,0,1,1,"頭",1,"前髪上先",0,0,0,0,0,0,1,"",0,0,0,0,0,1,0,0,0,0,1,0,0,"",0,57.29578
Bone,"前髪","",0,0,0,22.18742,-1.180454,1,0,0,1,1,"頭",1,"前髪先",0,0,0,0,0,0,1,"",0,0,0,0,0,1,0,0,0,0,1,0,0,"",0,57.29578
Bone,"右前髪","",0,0,-1.100976,22.38812,-0.6942415,1,0,0,1,1,"頭",1,"右前髪先",0,0,0,0,0,0,1,"",0,0,0,0,0,1,0,0,0,0,1,0,0,"",0,57.29578
Bone,"右横髪","",0,0,-1.098779,22.10233,0.2056424,1,0,0,1,1,"頭",1,"右横髪先",0,0,0,0,0,0,1,"",0,0,0,0,0,1,0,0,0,0,1,0,0,"",0,57.29578
Bone,"右後髪","",0,0,-0.5106374,21.43496,1.36342,1,0,0,1,1,"頭",1,"右後髪先",0,0,0,0,0,0,1,"",0,0,0,0,0,1,0,0,0,0,1,0,0,"",0,57.29578
Bone,"左前髪","",0,0,1.100976,22.38812,-0.6942415,1,0,0,1,1,"頭",1,"左前髪先",0,0,0,0,0,0,1,"",0,0,0,0,0,1,0,0,0,0,1,0,0,"",0,57.29578
Bone,"左横髪","",0,0,1.098779,22.10233,0.2056424,1,0,0,1,1,"頭",1,"左横髪先",0,0,0,0,0,0,1,"",0,0,0,0,0,1,0,0,0,0,1,0,0,"",0,57.29578
Bone,"左後髪","",0,0,0.5106374,21.43496,1.36342,1,0,0,1,1,"頭",1,"左後髪先",0,0,0,0,0,0,1,"",0,0,0,0,0,1,0,0,0,0,1,0,0,"",0,57.29578
Bone,"前髪上先","",0,0,-0.8438072,21.75154,-1.358059,1,0,0,0,1,"前髪上",0,"",0,0,0,0,0,0,1,"",0,0,0,0,0,1,0,0,0,0,1,0,0,"",0,57.29578
Bone,"前髪先","",0,0,0,21.09312,-1.392717,1,0,0,0,1,"前髪",0,"",0,0,0,0,0,0,1,"",0,0,0,0,0,1,0,0,0,0,1,0,0,"",0,57.29578
Bone,"右前髪先","",0,0,-1.365804,21.06454,-0.8752908,1,0,0,0,1,"右前髪",0,"",0,0,0,0,0,0,1,"",0,0,0,0,0,1,0,0,0,0,1,0,0,"",0,57.29578
Bone,"右横髪先","",0,0,-1.29641,21.00086,0.2056424,1,0,0,0,1,"右横髪",0,"",0,0,0,0,0,0,1,"",0,0,0,0,0,1,0,0,0,0,1,0,0,"",0,57.29578
Bone,"右後髪先","",0,0,-0.5106374,20.36688,1.057155,1,0,0,0,1,"右後髪",0,"",0,0,0,0,0,0,1,"",0,0,0,0,0,1,0,0,0,0,1,0,0,"",0,57.29578
Bone,"左前髪先","",0,0,1.365804,21.06454,-0.8752908,1,0,0,0,1,"左前髪",0,"",0,0,0,0,0,0,1,"",0,0,0,0,0,1,0,0,0,0,1,0,0,"",0,57.29578
Bone,"左横髪先","",0,0,1.29641,21.00086,0.2056424,1,0,0,0,1,"左横髪",0,"",0,0,0,0,0,0,1,"",0,0,0,0,0,1,0,0,0,0,1,0,0,"",0,57.29578
Bone,"左後髪先","",0,0,0.5106374,20.36688,1.057155,1,0,0,0,1,"左後髪",0,"",0,0,0,0,0,0,1,"",0,0,0,0,0,1,0,0,0,0,1,0,0,"",0,57.29578
Bone,"右足D","leg_RD",1,0,-1.131856,12.3369,-0.3212166,1,0,0,1,1,"腰キャンセル右",1,"",0,0,0,0,1,0,1,"右足",0,0,0,0,0,1,0,0,0,0,1,0,0,"",0,57.29578
Bone,"右ひざD","knee_RD",1,0,-1.104085,7.308545,-0.262756,1,0,0,1,1,"右足D",1,"",0,0,0,0,1,0,1,"右ひざ",0,0,0,0,0,1,0,0,0,0,1,0,0,"",0,57.29578
Bone,"右足首D","ankle_RD",1,0,-1.017907,1.357696,0.08535069,1,0,0,1,1,"右ひざD",1,"",0,0,0,0,1,0,1,"右足首",0,0,0,0,0,1,0,0,0,0,1,0,0,"",0,57.29578
Bone,"右足先EX","toe2_R",1,0,-1.076766,0.570928,-1.679795,1,0,0,1,1,"右足首D",0,"",-3.453171E-08,-5.220478E-09,-1.019592,0,0,0,1,"",0,0,0,0,0,1,0,0,0,0,1,0,0,"",0,57.29578
Bone,"左足D","leg_LD",1,0,1.131856,12.3369,-0.3212166,1,0,0,1,1,"腰キャンセル左",1,"",0,0,0,0,1,0,1,"左足",0,0,0,0,0,1,0,0,0,0,1,0,0,"",0,57.29578
Bone,"左ひざD","knee_LD",1,0,1.104085,7.308545,-0.262756,1,0,0,1,1,"左足D",1,"",0,0,0,0,1,0,1,"左ひざ",0,0,0,0,0,1,0,0,0,0,1,0,0,"",0,57.29578
Bone,"左足首D","ankle_LD",1,0,1.017907,1.357696,0.08535069,1,0,0,1,1,"左ひざD",1,"",0,0,0,0,1,0,1,"左足首",0,0,0,0,0,1,0,0,0,0,1,0,0,"",0,57.29578
Bone,"左足先EX","toe2_L",1,0,1.076766,0.570928,-1.679795,1,0,0,1,1,"左足首D",0,"",3.453171E-08,-5.220478E-09,-1.019592,0,0,0,1,"",0,0,0,0,0,1,0,0,0,0,1,0,0,"",0,57.29578
Bone,"マント調整A","右肩袖",1,0,-0.8805117,18.72902,0.04750799,1,1,0,1,1,"右肩",1,"マント調整A先",0,0,0,0,0,0,1,"",0,0,0,0,0,1,0,0,0,0,1,0,0,"",0,57.29578
Bone,"マント調整A先","右肩袖_",1,0,-2.110803,18.90367,0.01312082,0,0,0,0,0,"マント調整A",1,"",0,0,0,0,0,0,1,"",0,0,0,0,0,1,0,0,0,0,1,0,0,"",0,57.29578
Bone,"マント調整AＩＫ","右肩袖ＩＫ",1,0,-2.110801,18.90366,0.01312081,0,1,1,1,1,"右腕",0,"",-0.2651959,0.318235,0,0,0,0,1,"",0,0,0,0,0,1,0,0,0,0,1,0,0,"マント調整A先",10,114.5916
;IKLink,親ボーン名,Linkボーン名,角度制限(0/1),XL[deg],XH[deg],YL[deg],YH[deg],ZL[deg],ZH[deg]
IKLink,"マント調整AＩＫ","マント調整A",1,0,0,-30,30,-100,0
Bone,"マント調整B","右肩袖",0,0,-4.155672,16.03308,0.04750798,1,0,0,1,1,"右腕",1,"マント調整B先",0,0,0,0,0,0,1,"",0,0,0,0,0,1,0,0,0,0,1,0,0,"",0,57.29578
Bone,"マント調整B先","右肩袖_",0,0,-6.136532,16.03755,0.01312081,1,0,0,0,1,"マント調整B",1,"",0,0,0,0,0,0,1,"",0,0,0,0,0,1,0,0,0,0,1,0,0,"",0,57.29578
Bone,"マント調整BＩＫ","右肩袖ＩＫ",1,0,-6.136532,16.03754,0.01312081,1,1,1,1,1,"右ひじ",1,"",0,0,0,0,0,0,1,"",0,0,0,0,0,1,0,0,0,0,1,0,0,"マント調整B先",10,114.5916
;IKLink,親ボーン名,Linkボーン名,角度制限(0/1),XL[deg],XH[deg],YL[deg],YH[deg],ZL[deg],ZH[deg]
IKLink,"マント調整BＩＫ","マント調整B",1,0,0,0,0,-100,0
Bone,"マント_0_0","Skirt_0_0",1,0,-1.414042,18.04103,-0.9864151,1,0,0,1,1,"マント調整A",1,"マント_1_0",0,0,0,0,1,0,2.5,"マント調整A",0,0,0,0,0,1,0,0,0,0,1,0,0,"",0,57.29578
Bone,"マント_0_1","Skirt_0_1",1,0,-1.79222,18.28645,-0.9586506,1,0,0,1,1,"マント調整A",1,"マント_1_1",0,0,0,0,1,0,2.5,"マント調整A",0,0,0,0,0,1,0,0,0,0,1,0,0,"",0,57.29578
Bone,"マント_0_2","Skirt_0_2",1,0,-2.34022,18.66943,-0.756369,1,0,0,1,1,"マント調整A",1,"マント_1_2",0,0,0,0,1,0,2,"マント調整A",0,0,0,0,0,1,0,0,0,0,1,0,0,"",0,57.29578
Bone,"マント_0_3","Skirt_0_3",1,0,-2.698799,18.87771,-0.3291116,1,0,0,1,1,"マント調整A",1,"マント_1_3",0,0,0,0,1,0,2,"マント調整A",0,0,0,0,0,1,0,0,0,0,1,0,0,"",0,57.29578
Bone,"マント_0_4","Skirt_0_4",1,0,-2.768894,18.86099,0.2192618,1,0,0,1,1,"マント調整A",1,"マント_1_4",0,0,0,0,1,0,2,"マント調整A",0,0,0,0,0,1,0,0,0,0,1,0,0,"",0,57.29578
Bone,"マント_0_5","Skirt_0_5",1,0,-2.581503,18.68168,0.73965,1,0,0,1,1,"マント調整A",1,"マント_1_5",0,0,0,0,1,0,2,"マント調整A",0,0,0,0,0,1,0,0,0,0,1,0,0,"",0,57.29578
Bone,"マント_0_6","Skirt_0_6",1,0,-2.20697,18.41338,1.113511,1,0,0,1,1,"マント調整A",1,"マント_1_6",0,0,0,0,1,0,2,"マント調整A",0,0,0,0,0,1,0,0,0,0,1,0,0,"",0,57.29578
Bone,"マント_0_7","Skirt_0_7",1,0,-1.703699,18.08688,1.295384,1,0,0,1,1,"マント調整A",1,"マント_1_7",0,0,0,0,1,0,1,"マント調整A",0,0,0,0,0,1,0,0,0,0,1,0,0,"",0,57.29578
Bone,"マント_0_8","Skirt_0_8",1,0,-1.106274,17.68395,1.322139,1,0,0,1,1,"上半身2",1,"マント_1_8",0,0,0,0,1,0,1,"マント調整A",0,0,0,0,0,1,0,0,0,0,1,0,0,"",0,57.29578
Bone,"マント_0_9","Skirt_0_9",1,0,-0.4529892,17.17871,1.288941,1,0,0,1,1,"上半身2",1,"マント_1_9",0,0,0,0,1,0,0.5,"マント調整A",0,0,0,0,0,1,0,0,0,0,1,0,0,"",0,57.29578
Bone,"マント_1_0","Skirt_1_0",1,0,-1.745445,17.67063,-1.271522,1,0,0,1,1,"マント_0_0",1,"マント_2_0",0,0,0,0,1,0,1.5,"マント調整B",0,0,0,0,0,1,0,0,0,0,1,0,0,"",0,57.29578
Bone,"マント_1_1","Skirt_1_1",1,0,-2.062004,18.0403,-1.1745,1,0,0,1,1,"マント_0_1",1,"マント_2_1",0,0,0,0,1,0,1.2,"マント調整B",0,0,0,0,0,1,0,0,0,0,1,0,0,"",0,57.29578
Bone,"マント_1_2","Skirt_1_2",1,0,-2.546049,18.54219,-0.8894469,1,0,0,1,1,"マント_0_2",1,"マント_2_2",0,0,0,0,1,0,1,"マント調整B",0,0,0,0,0,1,0,0,0,0,1,0,0,"",0,57.29578
Bone,"マント_1_3","Skirt_1_3",1,0,-2.842993,18.82255,-0.3738551,1,0,0,1,1,"マント_0_3",1,"マント_2_3",0,0,0,0,1,0,1,"マント調整B",0,0,0,0,0,1,0,0,0,0,1,0,0,"",0,57.29578
Bone,"マント_1_4","Skirt_1_4",1,0,-2.868799,18.80988,0.253805,1,0,0,1,1,"マント_0_4",1,"マント_2_4",0,0,0,0,1,0,1,"マント調整B",0,0,0,0,0,1,0,0,0,0,1,0,0,"",0,57.29578
Bone,"マント_1_5","Skirt_1_5",1,0,-2.667053,18.56518,0.8317496,1,0,0,1,1,"マント_0_5",1,"マント_2_5",0,0,0,0,1,0,1,"マント調整B",0,0,0,0,0,1,0,0,0,0,1,0,0,"",0,57.29578
Bone,"マント_1_6","Skirt_1_6",1,0,-2.310433,18.17815,1.236113,1,0,0,1,1,"マント_0_6",1,"マント_2_6",0,0,0,0,1,0,1,"マント調整B",0,0,0,0,0,1,0,0,0,0,1,0,0,"",0,57.29578
Bone,"マント_1_7","Skirt_1_7",1,0,-1.846607,17.709,1.425746,1,0,0,1,1,"マント_0_7",1,"マント_2_7",0,0,0,0,1,0,1,"マント調整B",0,0,0,0,0,1,0,0,0,0,1,0,0,"",0,57.29578
Bone,"マント_1_8","Skirt_1_8",1,0,-1.288533,17.17629,1.450589,1,0,0,1,1,"マント_0_8",1,"マント_2_8",0,0,0,0,0,0,1,"",0,0,0,0,0,1,0,0,0,0,1,0,0,"",0,57.29578
Bone,"マント_1_9","Skirt_1_9",1,0,-0.6491835,16.59045,1.423604,1,0,0,1,1,"マント_0_9",1,"マント_2_9",0,0,0,0,0,0,1,"",0,0,0,0,0,1,0,0,0,0,1,0,0,"",0,57.29578
Bone,"マント_2_0","Skirt_2_0",1,0,-2.089351,17.37537,-1.573289,1,0,0,1,1,"マント_1_0",1,"マント_3_0",0,0,0,0,0,0,1,"",0,0,0,0,0,1,0,0,0,0,1,0,0,"",0,57.29578
Bone,"マント_2_1","Skirt_2_1",1,0,-2.381225,17.77653,-1.392445,1,0,0,1,1,"マント_1_1",1,"マント_3_1",0,0,0,0,0,0,1,"",0,0,0,0,0,1,0,0,0,0,1,0,0,"",0,57.29578
Bone,"マント_2_2","Skirt_2_2",1,0,-2.851429,18.31229,-1.012171,1,0,0,1,1,"マント_1_2",1,"マント_3_2",0,0,0,0,0,0,1,"",0,0,0,0,0,1,0,0,0,0,1,0,0,"",0,57.29578
Bone,"マント_2_3","Skirt_2_3",1,0,-3.135714,18.61681,-0.4138729,1,0,0,1,1,"マント_1_3",1,"マント_3_3",0,0,0,0,0,0,1,"",0,0,0,0,0,1,0,0,0,0,1,0,0,"",0,57.29578
Bone,"マント_2_4","Skirt_2_4",1,0,-3.149374,18.60455,0.2771914,1,0,0,1,1,"マント_1_4",1,"マント_3_4",0,0,0,0,0,0,1,"",0,0,0,0,0,1,0,0,0,0,1,0,0,"",0,57.29578
Bone,"マント_2_5","Skirt_2_5",1,0,-2.937645,18.32804,0.9011036,1,0,0,1,1,"マント_1_5",1,"マント_3_5",0,0,0,0,0,0,1,"",0,0,0,0,0,1,0,0,0,0,1,0,0,"",0,57.29578
Bone,"マント_2_6","Skirt_2_6",1,0,-2.572986,17.87818,1.338597,1,0,0,1,1,"マント_1_6",1,"マント_3_6",0,0,0,0,0,0,1,"",0,0,0,0,0,1,0,0,0,0,1,0,0,"",0,57.29578
Bone,"マント_2_7","Skirt_2_7",1,0,-2.099267,17.3271,1.552493,1,0,0,1,1,"マント_1_7",1,"マント_3_7",0,0,0,0,0,0,1,"",0,0,0,0,0,1,0,0,0,0,1,0,0,"",0,57.29578
Bone,"マント_2_8","Skirt_2_8",1,0,-1.522843,16.71344,1.595266,1,0,0,1,1,"マント_1_8",1,"マント_3_8",0,0,0,0,0,0,1,"",0,0,0,0,0,1,0,0,0,0,1,0,0,"",0,57.29578
Bone,"マント_2_9","Skirt_2_9",1,0,-0.8505296,16.07024,1.582722,1,0,0,1,1,"マント_1_9",1,"マント_3_9",0,0,0,0,0,0,1,"",0,0,0,0,0,1,0,0,0,0,1,0,0,"",0,57.29578
Bone,"マント_3_0","Skirt_3_0",1,0,-2.43549,17.13085,-1.878031,1,0,0,1,1,"マント_2_0",1,"マント_4_0",0,0,0,0,0,0,1,"",0,0,0,0,0,1,0,0,0,0,1,0,0,"",0,57.29578
Bone,"マント_3_1","Skirt_3_1",1,0,-2.72635,17.51558,-1.611776,1,0,0,1,1,"マント_2_1",1,"マント_4_1",0,0,0,0,0,0,1,"",0,0,0,0,0,1,0,0,0,0,1,0,0,"",0,57.29578
Bone,"マント_3_2","Skirt_3_2",1,0,-3.214242,18.03952,-1.134019,1,0,0,1,1,"マント_2_2",1,"マント_4_2",0,0,0,0,0,0,1,"",0,0,0,0,0,1,0,0,0,0,1,0,0,"",0,57.29578
Bone,"マント_3_3","Skirt_3_3",1,0,-3.515448,18.33687,-0.4572846,1,0,0,1,1,"マント_2_3",1,"マント_4_3",0,0,0,0,0,0,1,"",0,0,0,0,0,1,0,0,0,0,1,0,0,"",0,57.29578
Bone,"マント_3_4","Skirt_3_4",1,0,-3.535668,18.31493,0.2898826,1,0,0,1,1,"マント_2_4",1,"マント_4_4",0,0,0,0,0,0,1,"",0,0,0,0,0,1,0,0,0,0,1,0,0,"",0,57.29578
Bone,"マント_3_5","Skirt_3_5",1,0,-3.316218,18.01865,0.9556895,1,0,0,1,1,"マント_2_5",1,"マント_4_5",0,0,0,0,0,0,1,"",0,0,0,0,0,1,0,0,0,0,1,0,0,"",0,57.29578
Bone,"マント_3_6","Skirt_3_6",1,0,-2.928495,17.53538,1.429272,1,0,0,1,1,"マント_2_6",1,"マント_4_6",0,0,0,0,0,0,1,"",0,0,0,0,0,1,0,0,0,0,1,0,0,"",0,57.29578
Bone,"マント_3_7","Skirt_3_7",1,0,-2.416717,16.93961,1.676279,1,0,0,1,1,"マント_2_7",1,"マント_4_7",0,0,0,0,0,0,1,"",0,0,0,0,0,1,0,0,0,0,1,0,0,"",0,57.29578
Bone,"マント_3_8","Skirt_3_8",1,0,-1.788924,16.27781,1.745857,1,0,0,1,1,"マント_2_8",1,"マント_4_8",0,0,0,0,0,0,1,"",0,0,0,0,0,1,0,0,0,0,1,0,0,"",0,57.29578
Bone,"マント_3_9","Skirt_3_9",1,0,-1.05626,15.59339,1.749042,1,0,0,1,1,"マント_2_9",1,"マント_4_9",0,0,0,0,0,0,1,"",0,0,0,0,0,1,0,0,0,0,1,0,0,"",0,57.29578
Bone,"マント_4_0","Skirt_4_0",1,0,-2.777163,16.91825,-2.176824,1,0,0,1,1,"マント_3_0",1,"マント_5_0",0,0,0,0,0,0,1,"",0,0,0,0,0,1,0,0,0,0,1,0,0,"",0,57.29578
Bone,"マント_4_1","Skirt_4_1",1,0,-3.080576,17.27172,-1.832158,1,0,0,1,1,"マント_3_1",1,"マント_5_1",0,0,0,0,0,0,1,"",0,0,0,0,0,1,0,0,0,0,1,0,0,"",0,57.29578
Bone,"マント_4_2","Skirt_4_2",1,0,-3.603261,17.76736,-1.261443,1,0,0,1,1,"マント_3_2",1,"マント_5_2",0,0,0,0,0,0,1,"",0,0,0,0,0,1,0,0,0,0,1,0,0,"",0,57.29578
Bone,"マント_4_3","Skirt_4_3",1,0,-3.935614,18.03933,-0.5090936,1,0,0,1,1,"マント_3_3",1,"マント_5_3",0,0,0,0,0,0,1,"",0,0,0,0,0,1,0,0,0,0,1,0,0,"",0,57.29578
Bone,"マント_4_4","Skirt_4_4",1,0,-3.970185,17.99391,0.293277,1,0,0,1,1,"マント_3_4",1,"マント_5_4",0,0,0,0,0,0,1,"",0,0,0,0,0,1,0,0,0,0,1,0,0,"",0,57.29578
Bone,"マント_4_5","Skirt_4_5",1,0,-3.743155,17.67467,1.002114,1,0,0,1,1,"マント_3_5",1,"マント_5_5",0,0,0,0,0,0,1,"",0,0,0,0,0,1,0,0,0,0,1,0,0,"",0,57.29578
Bone,"マント_4_6","Skirt_4_6",1,0,-3.325491,17.16755,1.514342,1,0,0,1,1,"マント_3_6",1,"マント_5_6",0,0,0,0,0,0,1,"",0,0,0,0,0,1,0,0,0,0,1,0,0,"",0,57.29578
Bone,"マント_4_7","Skirt_4_7",1,0,-2.763794,16.54591,1.796933,1,0,0,1,1,"マント_3_7",1,"マント_5_7",0,0,0,0,0,0,1,"",0,0,0,0,0,1,0,0,0,0,1,0,0,"",0,57.29578
Bone,"マント_4_8","Skirt_4_8",1,0,-2.070815,15.85565,1.89362,1,0,0,1,1,"マント_3_8",1,"マント_5_8",0,0,0,0,0,0,1,"",0,0,0,0,0,1,0,0,0,0,1,0,0,"",0,57.29578
Bone,"マント_4_9","Skirt_4_9",1,0,-1.265663,15.14026,1.90877,1,0,0,1,1,"マント_3_9",1,"マント_5_9",0,0,0,0,0,0,1,"",0,0,0,0,0,1,0,0,0,0,1,0,0,"",0,57.29578
Bone,"マント_5_0","Skirt_5_0",1,0,-3.111245,16.72427,-2.465501,1,0,0,1,1,"マント_4_0",1,"マント_6_0",0,0,0,0,0,0,1,"",0,0,0,0,0,1,0,0,0,0,1,0,0,"",0,57.29578
Bone,"マント_5_1","Skirt_5_1",1,0,-3.43382,17.05296,-2.05363,1,0,0,1,1,"マント_4_1",1,"マント_6_1",0,0,0,0,0,0,1,"",0,0,0,0,0,1,0,0,0,0,1,0,0,"",0,57.29578
Bone,"マント_5_2","Skirt_5_2",1,0,-3.998145,17.52294,-1.39787,1,0,0,1,1,"マント_4_2",1,"マント_6_2",0,0,0,0,0,0,1,"",0,0,0,0,0,1,0,0,0,0,1,0,0,"",0,57.29578
Bone,"マント_5_3","Skirt_5_3",1,0,-4.364568,17.76094,-0.5711864,1,0,0,1,1,"マント_4_3",1,"マント_6_3",0,0,0,0,0,0,1,"",0,0,0,0,0,1,0,0,0,0,1,0,0,"",0,57.29578
Bone,"マント_5_4","Skirt_5_4",1,0,-4.412893,17.67737,0.28971,1,0,0,1,1,"マント_4_4",1,"マント_6_4",0,0,0,0,0,0,1,"",0,0,0,0,0,1,0,0,0,0,1,0,0,"",0,57.29578
Bone,"マント_5_5","Skirt_5_5",1,0,-4.176282,17.32296,1.045614,1,0,0,1,1,"マント_4_5",1,"マント_6_5",0,0,0,0,0,0,1,"",0,0,0,0,0,1,0,0,0,0,1,0,0,"",0,57.29578
Bone,"マント_5_6","Skirt_5_6",1,0,-3.727162,16.78833,1.597905,1,0,0,1,1,"マント_4_6",1,"マント_6_6",0,0,0,0,0,0,1,"",0,0,0,0,0,1,0,0,0,0,1,0,0,"",0,57.29578
Bone,"マント_5_7","Skirt_5_7",1,0,-3.115132,16.14628,1.913458,1,0,0,1,1,"マント_4_7",1,"マント_6_7",0,0,0,0,0,0,1,"",0,0,0,0,0,1,0,0,0,0,1,0,0,"",0,57.29578
Bone,"マント_5_8","Skirt_5_8",1,0,-2.356877,15.43702,2.031379,1,0,0,1,1,"マント_4_8",1,"マント_6_8",0,0,0,0,0,0,1,"",0,0,0,0,0,1,0,0,0,0,1,0,0,"",0,57.29578
Bone,"マント_5_9","Skirt_5_9",1,0,-1.478082,14.69618,2.051569,1,0,0,1,1,"マント_4_9",1,"マント_6_9",0,0,0,0,0,0,1,"",0,0,0,0,0,1,0,0,0,0,1,0,0,"",0,57.29578
Bone,"マント_6_0","Skirt_6_0",1,0,-3.438182,16.54115,-2.744657,1,0,0,1,1,"マント_5_0",1,"マント_7_0",0,0,0,0,0,0,1,"",0,0,0,0,0,1,0,0,0,0,1,0,0,"",0,57.29578
Bone,"マント_6_1","Skirt_6_1",1,0,-3.782729,16.86111,-2.276611,1,0,0,1,1,"マント_5_1",1,"マント_7_1",0,0,0,0,0,0,1,"",0,0,0,0,0,1,0,0,0,0,1,0,0,"",0,57.29578
Bone,"マント_6_2","Skirt_6_2",1,0,-4.389447,17.31704,-1.543699,1,0,0,1,1,"マント_5_2",1,"マント_7_2",0,0,0,0,0,0,1,"",0,0,0,0,0,1,0,0,0,0,1,0,0,"",0,57.29578
Bone,"マント_6_3","Skirt_6_3",1,0,-4.7856,17.5187,-0.6423334,1,0,0,1,1,"マント_5_3",1,"マント_7_3",0,0,0,0,0,0,1,"",0,0,0,0,0,1,0,0,0,0,1,0,0,"",0,57.29578
Bone,"マント_6_4","Skirt_6_4",1,0,-4.841212,17.38419,0.2824538,1,0,0,1,1,"マント_5_4",1,"マント_7_4",0,0,0,0,0,0,1,"",0,0,0,0,0,1,0,0,0,0,1,0,0,"",0,57.29578
Bone,"マント_6_5","Skirt_6_5",1,0,-4.590868,16.97962,1.090055,1,0,0,1,1,"マント_5_5",1,"マント_7_5",0,0,0,0,0,0,1,"",0,0,0,0,0,1,0,0,0,0,1,0,0,"",0,57.29578
Bone,"マント_6_6","Skirt_6_6",1,0,-4.111357,16.40726,1.681955,1,0,0,1,1,"マント_5_6",1,"マント_7_6",0,0,0,0,0,0,1,"",0,0,0,0,0,1,0,0,0,0,1,0,0,"",0,57.29578
Bone,"マント_6_7","Skirt_6_7",1,0,-3.455164,15.74193,2.024039,1,0,0,1,1,"マント_5_7",1,"マント_7_7",0,0,0,0,0,0,1,"",0,0,0,0,0,1,0,0,0,0,1,0,0,"",0,57.29578
Bone,"マント_6_8","Skirt_6_8",1,0,-2.639788,15.01581,2.153529,1,0,0,1,1,"マント_5_8",1,"マント_7_8",0,0,0,0,0,0,1,"",0,0,0,0,0,1,0,0,0,0,1,0,0,"",0,57.29578
Bone,"マント_6_9","Skirt_6_9",1,0,-1.692915,14.25154,2.170559,1,0,0,1,1,"マント_5_9",1,"マント_7_9",0,0,0,0,0,0,1,"",0,0,0,0,0,1,0,0,0,0,1,0,0,"",0,57.29578
Bone,"マント_7_0","Skirt_7_0",1,0,-3.761993,16.36669,-3.019649,1,0,0,1,1,"マント_6_0",1,"マント_8_0",0,0,0,0,0,0,1,"",0,0,0,0,0,1,0,0,0,0,1,0,0,"",0,57.29578
Bone,"マント_7_1","Skirt_7_1",1,0,-4.130672,16.69178,-2.501893,1,0,0,1,1,"マント_6_1",1,"マント_8_1",0,0,0,0,0,0,1,"",0,0,0,0,0,1,0,0,0,0,1,0,0,"",0,57.29578
Bone,"マント_7_2","Skirt_7_2",1,0,-4.778606,17.1441,-1.696303,1,0,0,1,1,"マント_6_2",1,"マント_8_2",0,0,0,0,0,0,1,"",0,0,0,0,0,1,0,0,0,0,1,0,0,"",0,57.29578
Bone,"マント_7_3","Skirt_7_3",1,0,-5.196938,17.30977,-0.7181882,1,0,0,1,1,"マント_6_3",1,"マント_8_3",0,0,0,0,0,0,1,"",0,0,0,0,0,1,0,0,0,0,1,0,0,"",0,57.29578
Bone,"マント_7_4","Skirt_7_4",1,0,-5.250026,17.11622,0.2757174,1,0,0,1,1,"マント_6_4",1,"マント_8_4",0,0,0,0,0,0,1,"",0,0,0,0,0,1,0,0,0,0,1,0,0,"",0,57.29578
Bone,"マント_7_5","Skirt_7_5",1,0,-4.979622,16.64997,1.137931,1,0,0,1,1,"マント_6_5",1,"マント_8_5",0,0,0,0,0,0,1,"",0,0,0,0,0,1,0,0,0,0,1,0,0,"",0,57.29578
Bone,"マント_7_6","Skirt_7_6",1,0,-4.470586,16.02973,1.766379,1,0,0,1,1,"マント_6_6",1,"マント_8_6",0,0,0,0,0,0,1,"",0,0,0,0,0,1,0,0,0,0,1,0,0,"",0,57.29578
Bone,"マント_7_7","Skirt_7_7",1,0,-3.77812,15.33498,2.126032,1,0,0,1,1,"マント_6_7",1,"マント_8_7",0,0,0,0,0,0,1,"",0,0,0,0,0,1,0,0,0,0,1,0,0,"",0,57.29578
Bone,"マント_7_8","Skirt_7_8",1,0,-2.916548,14.58972,2.256035,1,0,0,1,1,"マント_6_8",1,"マント_8_8",0,0,0,0,0,0,1,"",0,0,0,0,0,1,0,0,0,0,1,0,0,"",0,57.29578
Bone,"マント_7_9","Skirt_7_9",1,0,-1.909616,13.80174,2.262314,1,0,0,1,1,"マント_6_9",1,"マント_8_9",0,0,0,0,0,0,1,"",0,0,0,0,0,1,0,0,0,0,1,0,0,"",0,57.29578
Bone,"マント_8_0","Skirt_8_0",1,0,-4.090271,16.20421,-3.30059,1,0,0,1,1,"マント_7_0",1,"マント_9_0",0,0,0,0,0,0,1,"",0,0,0,0,0,1,0,0,0,0,1,0,0,"",0,57.29578
Bone,"マント_8_1","Skirt_8_1",1,0,-4.487744,16.53438,-2.730644,1,0,0,1,1,"マント_7_1",1,"マント_9_1",0,0,0,0,0,0,1,"",0,0,0,0,0,1,0,0,0,0,1,0,0,"",0,57.29578
Bone,"マント_8_2","Skirt_8_2",1,0,-5.177952,16.98221,-1.850031,1,0,0,1,1,"マント_7_2",1,"マント_9_2",0,0,0,0,0,0,1,"",0,0,0,0,0,1,0,0,0,0,1,0,0,"",0,57.29578
Bone,"マント_8_3","Skirt_8_3",1,0,-5.611741,17.11148,-0.791288,1,0,0,1,1,"マント_7_3",1,"マント_9_3",0,0,0,0,0,0,1,"",0,0,0,0,0,1,0,0,0,0,1,0,0,"",0,57.29578
Bone,"マント_8_4","Skirt_8_4",1,0,-5.651671,16.85832,0.2746469,1,0,0,1,1,"マント_7_4",1,"マント_9_4",0,0,0,0,0,0,1,"",0,0,0,0,0,1,0,0,0,0,1,0,0,"",0,57.29578
Bone,"マント_8_5","Skirt_8_5",1,0,-5.352699,16.32856,1.190369,1,0,0,1,1,"マント_7_5",1,"マント_9_5",0,0,0,0,0,0,1,"",0,0,0,0,0,1,0,0,0,0,1,0,0,"",0,57.29578
Bone,"マント_8_6","Skirt_8_6",1,0,-4.812017,15.65701,1.848961,1,0,0,1,1,"マント_7_6",1,"マント_9_6",0,0,0,0,0,0,1,"",0,0,0,0,0,1,0,0,0,0,1,0,0,"",0,57.29578
Bone,"マント_8_7","Skirt_8_7",1,0,-4.088031,14.92843,2.215972,1,0,0,1,1,"マント_7_7",1,"マント_9_7",0,0,0,0,0,0,1,"",0,0,0,0,0,1,0,0,0,0,1,0,0,"",0,57.29578
Bone,"マント_8_8","Skirt_8_8",1,0,-3.188478,14.16027,2.33643,1,0,0,1,1,"マント_7_8",1,"マント_9_8",0,0,0,0,0,0,1,"",0,0,0,0,0,1,0,0,0,0,1,0,0,"",0,57.29578
Bone,"マント_8_9","Skirt_8_9",1,0,-2.127696,13.34721,2.326867,1,0,0,1,1,"マント_7_9",1,"マント_9_9",0,0,0,0,0,0,1,"",0,0,0,0,0,1,0,0,0,0,1,0,0,"",0,57.29578
Bone,"マント_9_0","Skirt_9_0",1,0,-4.434176,16.06259,-3.602357,1,0,0,1,1,"マント_8_0",1,"マント_10_0",0,0,0,0,0,0,1,"",0,0,0,0,0,1,0,0,0,0,1,0,0,"",0,57.29578
Bone,"マント_9_1","Skirt_9_1",1,0,-4.870768,16.37206,-2.964408,1,0,0,1,1,"マント_8_1",1,"マント_10_1",0,0,0,0,0,0,1,"",0,0,0,0,0,1,0,0,0,0,1,0,0,"",0,57.29578
Bone,"マント_9_2","Skirt_9_2",1,0,-5.610705,16.79313,-1.996204,1,0,0,1,1,"マント_8_2",1,"マント_10_2",0,0,0,0,0,0,1,"",0,0,0,0,0,1,0,0,0,0,1,0,0,"",0,57.29578
Bone,"マント_9_3","Skirt_9_3",1,0,-6.058109,16.88141,-0.8510534,1,0,0,1,1,"マント_8_3",1,"マント_10_3",0,0,0,0,0,0,1,"",0,0,0,0,0,1,0,0,0,0,1,0,0,"",0,57.29578
Bone,"マント_9_4","Skirt_9_4",1,0,-6.075947,16.5783,0.2853252,1,0,0,1,1,"マント_8_4",1,"マント_10_4",0,0,0,0,0,0,1,"",0,0,0,0,0,1,0,0,0,0,1,0,0,"",0,57.29578
Bone,"マント_9_5","Skirt_9_5",1,0,-5.737694,15.99917,1.247122,1,0,0,1,1,"マント_8_5",1,"マント_10_5",0,0,0,0,0,0,1,"",0,0,0,0,0,1,0,0,0,0,1,0,0,"",0,57.29578
Bone,"マント_9_6","Skirt_9_6",1,0,-5.157483,15.28625,1.925379,1,0,0,1,1,"マント_8_6",1,"マント_10_6",0,0,0,0,0,0,1,"",0,0,0,0,0,1,0,0,0,0,1,0,0,"",0,57.29578
Bone,"マント_9_7","Skirt_9_7",1,0,-4.398725,14.52626,2.289573,1,0,0,1,1,"マント_8_7",1,"マント_10_7",0,0,0,0,0,0,1,"",0,0,0,0,0,1,0,0,0,0,1,0,0,"",0,57.29578
Bone,"マント_9_8","Skirt_9_8",1,0,-3.461216,13.73279,2.393817,1,0,0,1,1,"マント_8_8",1,"マント_10_8",0,0,0,0,0,0,1,"",0,0,0,0,0,1,0,0,0,0,1,0,0,"",0,57.29578
Bone,"マント_9_9","Skirt_9_9",1,0,-2.346719,12.8934,2.367707,1,0,0,1,1,"マント_8_9",1,"マント_10_9",0,0,0,0,0,0,1,"",0,0,0,0,0,1,0,0,0,0,1,0,0,"",0,57.29578
Bone,"マント_10_0","Skirt_10_0",1,0,-4.808447,15.95623,-3.944586,1,0,0,0,1,"マント_9_0",0,"",0,0,0,0,0,0,1,"",0,0,0,0,0,1,0,0,0,0,1,0,0,"",0,57.29578
Bone,"マント_10_1","Skirt_10_1",1,0,-5.303289,16.18179,-3.205106,1,0,0,0,1,"マント_9_1",0,"",0,0,0,0,0,0,1,"",0,0,0,0,0,1,0,0,0,0,1,0,0,"",0,57.29578
Bone,"マント_10_2","Skirt_10_2",1,0,-6.110972,16.52226,-2.123118,1,0,0,0,1,"マント_9_2",0,"",0,0,0,0,0,0,1,"",0,0,0,0,0,1,0,0,0,0,1,0,0,"",0,57.29578
Bone,"マント_10_3","Skirt_10_3",1,0,-6.579074,16.55727,-0.8837888,1,0,0,0,1,"マント_9_3",0,"",0,0,0,0,0,0,1,"",0,0,0,0,0,1,0,0,0,0,1,0,0,"",0,57.29578
Bone,"マント_10_4","Skirt_10_4",1,0,-6.570109,16.227,0.314772,1,0,0,0,1,"マント_9_4",0,"",0,0,0,0,0,0,1,"",0,0,0,0,0,1,0,0,0,0,1,0,0,"",0,57.29578
Bone,"マント_10_5","Skirt_10_5",1,0,-6.179646,15.63483,1.306572,1,0,0,0,1,"マント_9_5",0,"",0,0,0,0,0,0,1,"",0,0,0,0,0,1,0,0,0,0,1,0,0,"",0,57.29578
Bone,"マント_10_6","Skirt_10_6",1,0,-5.543471,14.91045,1.989206,1,0,0,0,1,"マント_9_6",0,"",0,0,0,0,0,0,1,"",0,0,0,0,0,1,0,0,0,0,1,0,0,"",0,57.29578
Bone,"マント_10_7","Skirt_10_7",1,0,-4.733828,14.1333,2.341719,1,0,0,0,1,"マント_9_7",0,"",0,0,0,0,0,0,1,"",0,0,0,0,0,1,0,0,0,0,1,0,0,"",0,57.29578
Bone,"マント_10_8","Skirt_10_8",1,0,-3.744723,13.31645,2.428868,1,0,0,0,1,"マント_9_8",0,"",0,0,0,0,0,0,1,"",0,0,0,0,0,1,0,0,0,0,1,0,0,"",0,57.29578
Bone,"マント_10_9","Skirt_10_9",1,0,-2.566305,12.45077,2.391779,1,0,0,0,1,"マント_9_9",0,"",0,0,0,0,0,0,1,"",0,0,0,0,0,1,0,0,0,0,1,0,0,"",0,57.29578
Bone,"右襟","",0,0,-0.7018973,19.3707,-0.6232117,1,0,0,1,1,"首",0,"",0,0.509796,0,0,0,0,1,"",0,0,0,0,0,1,0,0,0,0,1,0,0,"",0,57.29578
Bone,"左襟","",0,0,0.7018973,19.3707,-0.6232117,1,0,0,1,1,"首",0,"",0,0.509796,0,0,0,0,1,"",0,0,0,0,0,1,0,0,0,0,1,0,0,"",0,57.29578
Bone,"袖L","elbow_L+",0,0,4.194157,16.43851,0.04906126,1,0,0,1,1,"左ひじ",1,"袖L先",0,0,0,0,0,0,1,"",0,0,0,0,1,0.7801557,-0.6254575,-0.01265084,-0.009860036,0.007926141,-0.99992,0,0,"",0,57.29578
Bone,"袖L先","wrist_L+",0,0,7.329703,14.57718,0.006764084,1,0,0,0,1,"袖L",1,"左手先",0,0,0,0,0,0,1,"",0,0,0,0,1,0.8130642,-0.5818447,0.01958118,0.01591488,-0.01140786,-0.9998083,0,0,"",0,57.29578
Bone,"袖R","elbow_L+",0,0,-4.194157,16.43851,0.04906126,1,0,0,1,1,"右ひじ",1,"袖R先",0,0,0,0,0,0,1,"",0,0,0,0,1,0.7801557,-0.6254575,-0.01265084,-0.009860036,0.007926141,-0.99992,0,0,"",0,57.29578
Bone,"袖R先","wrist_L+",0,0,-7.329703,14.57718,0.006764084,1,0,0,0,1,"袖R",0,"",0,0,0,0,0,0,1,"",0,0,0,0,1,0.8130642,-0.5818447,0.01958118,0.01591488,-0.01140786,-0.9998083,0,0,"",0,57.29578
Bone,"裾_0_0","Skirt_0_0",0,0,2.446324E-08,13.93714,-1.556181,1,0,0,1,1,"下半身",1,"裾_1_0",0,0,0,0,0,0,1,"",0,0,0,0,0,1,0,0,0,0,1,0,0,"",0,57.29578
Bone,"裾_0_1","Skirt_0_1",0,0,1.175243,13.97593,-1.191954,1,0,0,1,1,"下半身",1,"裾_1_1",0,0,0,0,0,0,1,"",0,0,0,0,0,1,0,0,0,0,1,0,0,"",0,57.29578
Bone,"裾_0_2","Skirt_0_2",0,0,1.800576,14.07772,-0.2701077,1,0,0,1,1,"下半身",1,"裾_1_2",0,0,0,0,0,0,1,"",0,0,0,0,0,1,0,0,0,0,1,0,0,"",0,57.29578
Bone,"裾_0_3","Skirt_0_3",0,0,1.5834,14.17728,0.5824262,1,0,0,1,1,"下半身",1,"裾_1_3",0,0,0,0,0,0,1,"",0,0,0,0,0,1,0,0,0,0,1,0,0,"",0,57.29578
Bone,"裾_0_4","Skirt_0_4",0,0,0.6253334,14.24075,1.094257,1,0,0,1,1,"下半身",1,"裾_1_4",0,0,0,0,0,0,1,"",0,0,0,0,0,1,0,0,0,0,1,0,0,"",0,57.29578
Bone,"裾_0_5","Skirt_0_5",0,0,-0.6253338,14.24075,1.094257,1,0,0,1,1,"下半身",1,"裾_1_5",0,0,0,0,0,0,1,"",0,0,0,0,0,1,0,0,0,0,1,0,0,"",0,57.29578
Bone,"裾_0_6","Skirt_0_6",0,0,-1.5834,14.17728,0.582426,1,0,0,1,1,"下半身",1,"裾_1_6",0,0,0,0,0,0,1,"",0,0,0,0,0,1,0,0,0,0,1,0,0,"",0,57.29578
Bone,"裾_0_7","Skirt_0_7",0,0,-1.800576,14.07772,-0.270108,1,0,0,1,1,"下半身",1,"裾_1_7",0,0,0,0,0,0,1,"",0,0,0,0,0,1,0,0,0,0,1,0,0,"",0,57.29578
Bone,"裾_0_8","Skirt_0_8",0,0,-1.175242,13.97593,-1.191954,1,0,0,1,1,"下半身",1,"裾_1_8",0,0,0,0,0,0,1,"",0,0,0,0,0,1,0,0,0,0,1,0,0,"",0,57.29578
Bone,"裾_1_0","Skirt_1_0",0,0,2.446324E-08,13.13334,-1.556181,1,0,0,1,1,"裾_0_0",1,"裾_2_0",0,0,0,0,0,0,1,"",0,0,0,0,0,1,0,0,0,0,1,0,0,"",0,57.29578
Bone,"裾_1_1","Skirt_1_1",0,0,1.288628,13.17612,-1.192373,1,0,0,1,1,"裾_0_1",1,"裾_2_1",0,0,0,0,0,0,1,"",0,0,0,0,0,1,0,0,0,0,1,0,0,"",0,57.29578
Bone,"裾_1_2","Skirt_1_2",0,0,1.974292,13.27711,-0.2704439,1,0,0,1,1,"裾_0_2",1,"裾_2_2",0,0,0,0,0,0,1,"",0,0,0,0,0,1,0,0,0,0,1,0,0,"",0,57.29578
Bone,"裾_1_3","Skirt_1_3",0,0,1.736163,13.36969,0.6846741,1,0,0,1,1,"裾_0_3",1,"裾_2_3",0,0,0,0,0,0,1,"",0,0,0,0,0,1,0,0,0,0,1,0,0,"",0,57.29578
Bone,"裾_1_4","Skirt_1_4",0,0,0.6856643,13.42062,1.287388,1,0,0,1,1,"裾_0_4",1,"裾_2_4",0,0,0,0,0,0,1,"",0,0,0,0,0,1,0,0,0,0,1,0,0,"",0,57.29578
Bone,"裾_1_5","Skirt_1_5",0,0,-0.6856648,13.42062,1.287388,1,0,0,1,1,"裾_0_5",1,"裾_2_5",0,0,0,0,0,0,1,"",0,0,0,0,0,1,0,0,0,0,1,0,0,"",0,57.29578
Bone,"裾_1_6","Skirt_1_6",0,0,-1.736164,13.36968,0.6846737,1,0,0,1,1,"裾_0_6",1,"裾_2_6",0,0,0,0,0,0,1,"",0,0,0,0,0,1,0,0,0,0,1,0,0,"",0,57.29578
Bone,"裾_1_7","Skirt_1_7",0,0,-1.974292,13.27711,-0.2704443,1,0,0,1,1,"裾_0_7",1,"裾_2_7",0,0,0,0,0,0,1,"",0,0,0,0,0,1,0,0,0,0,1,0,0,"",0,57.29578
Bone,"裾_1_8","Skirt_1_8",0,0,-1.288628,13.17612,-1.192373,1,0,0,1,1,"裾_0_8",1,"裾_2_8",0,0,0,0,0,0,1,"",0,0,0,0,0,1,0,0,0,0,1,0,0,"",0,57.29578
Bone,"裾_2_0","Skirt_2_0",0,0,2.446324E-08,12.32953,-1.556181,1,0,0,0,1,"裾_1_0",0,"",0,0,0,0,0,0,1,"",0,0,0,0,0,1,0,0,0,0,1,0,0,"",0,57.29578
Bone,"裾_2_1","Skirt_2_1",0,0,1.318644,12.37429,-1.192538,1,0,0,0,1,"裾_1_1",0,"",0,0,0,0,0,0,1,"",0,0,0,0,0,1,0,0,0,0,1,0,0,"",0,57.29578
Bone,"裾_2_2","Skirt_2_2",0,0,2.020279,12.47489,-0.2705759,1,0,0,0,1,"裾_1_2",0,"",0,0,0,0,0,0,1,"",0,0,0,0,0,1,0,0,0,0,1,0,0,"",0,57.29578
Bone,"裾_2_3","Skirt_2_3",0,0,1.776604,12.55927,0.69587,1,0,0,0,1,"裾_1_3",0,"",0,0,0,0,0,0,1,"",0,0,0,0,0,1,0,0,0,0,1,0,0,"",0,57.29578
Bone,"裾_2_4","Skirt_2_4",0,0,0.7016355,12.59984,1.30881,1,0,0,0,1,"裾_1_4",0,"",0,0,0,0,0,0,1,"",0,0,0,0,0,1,0,0,0,0,1,0,0,"",0,57.29578
Bone,"裾_2_5","Skirt_2_5",0,0,-0.7016361,12.59984,1.30881,1,0,0,0,1,"裾_1_5",0,"",0,0,0,0,0,0,1,"",0,0,0,0,0,1,0,0,0,0,1,0,0,"",0,57.29578
Bone,"裾_2_6","Skirt_2_6",0,0,-1.776604,12.55927,0.6958696,1,0,0,0,1,"裾_1_6",0,"",0,0,0,0,0,0,1,"",0,0,0,0,0,1,0,0,0,0,1,0,0,"",0,57.29578
Bone,"裾_2_7","Skirt_2_7",0,0,-2.020279,12.47489,-0.2705763,1,0,0,0,1,"裾_1_7",0,"",0,0,0,0,0,0,1,"",0,0,0,0,0,1,0,0,0,0,1,0,0,"",0,57.29578
Bone,"裾_2_8","Skirt_2_8",0,0,-1.318644,12.37429,-1.192538,1,0,0,0,1,"裾_1_8",0,"",0,0,0,0,0,0,1,"",0,0,0,0,0,1,0,0,0,0,1,0,0,"",0,57.29578
Bone,"タッセルA","",0,0,-1.38935,18.3846,-0.8241999,1,0,0,1,1,"上半身2",1,"タッセルA2-1",0,0,0,0,0,0,1,"",0,0,0,0,0,1,0,0,0,0,1,0,0,"",0,57.29578
Bone,"タッセルA2-1","Skirt_0_1",0,0,-1.452109,17.95783,-0.9935327,1,0,0,1,1,"タッセルA",1,"タッセルA2-2",0,0,0,0,0,0,1,"",0,0,0,0,0,1,0,0,0,0,1,0,0,"",0,57.29578
Bone,"タッセルA2-2","Skirt_1_1",0,0,-1.497676,17.70218,-1.085642,1,0,0,1,1,"タッセルA2-1",1,"タッセルA2-3",0,0,0,0,0,0,1,"",0,0,0,0,0,1,0,0,0,0,1,0,0,"",0,57.29578
Bone,"タッセルA2-3","Skirt_2_1",0,0,-1.539403,17.3595,-1.16359,1,0,0,1,1,"タッセルA2-2",1,"タッセルA2-4",0,0,0,0,0,0,1,"",0,0,0,0,0,1,0,0,0,0,1,0,0,"",0,57.29578
Bone,"タッセルA2-4","Skirt_3_1",0,0,-1.59612,16.90582,-1.208687,1,0,0,1,1,"タッセルA2-3",1,"タッセルA2-5",0,0,0,0,0,0,1,"",0,0,0,0,0,1,0,0,0,0,1,0,0,"",0,57.29578
Bone,"タッセルA2-5","Skirt_4_1",0,0,-1.643595,16.45146,-1.219974,1,0,0,1,1,"タッセルA2-4",1,"タッセルA2-6",0,0,0,0,0,0,1,"",0,0,0,0,0,1,0,0,0,0,1,0,0,"",0,57.29578
Bone,"タッセルA2-6","Skirt_5_1",0,0,-1.651873,15.99733,-1.198724,1,0,0,0,1,"タッセルA2-5",0,"",0,0,0,0,0,0,1,"",0,0,0,0,0,1,0,0,0,0,1,0,0,"",0,57.29578
Bone,"タッセルA3-1","Skirt_0_1",0,0,-1.452109,17.95783,-0.9935327,1,0,0,1,1,"タッセルA",1,"タッセルA3-2",0,0,0,0,0,0,1,"",0,0,0,0,0,1,0,0,0,0,1,0,0,"",0,57.29578
Bone,"タッセルA3-2","Skirt_1_1",0,0,-1.497676,17.70218,-1.085642,1,0,0,1,1,"タッセルA3-1",1,"タッセルA3-3",0,0,0,0,0,0,1,"",0,0,0,0,0,1,0,0,0,0,1,0,0,"",0,57.29578
Bone,"タッセルA3-3","Skirt_2_1",0,0,-1.539403,17.3595,-1.16359,1,0,0,1,1,"タッセルA3-2",1,"タッセルA3-4",0,0,0,0,0,0,1,"",0,0,0,0,0,1,0,0,0,0,1,0,0,"",0,57.29578
Bone,"タッセルA3-4","Skirt_3_1",0,0,-1.59612,16.90582,-1.208687,1,0,0,1,1,"タッセルA3-3",1,"タッセルA3-5",0,0,0,0,0,0,1,"",0,0,0,0,0,1,0,0,0,0,1,0,0,"",0,57.29578
Bone,"タッセルA3-5","Skirt_4_1",0,0,-1.643595,16.45146,-1.219974,1,0,0,1,1,"タッセルA3-4",1,"タッセルA3-6",0,0,0,0,0,0,1,"",0,0,0,0,0,1,0,0,0,0,1,0,0,"",0,57.29578
Bone,"タッセルA3-6","Skirt_5_1",0,0,-1.651873,15.99733,-1.198724,1,0,0,0,1,"タッセルA3-5",0,"",0,0,0,0,0,0,1,"",0,0,0,0,0,1,0,0,0,0,1,0,0,"",0,57.29578
Bone,"タッセルA4-1","Skirt_0_1",0,0,-1.452109,17.95783,-0.9935327,1,0,0,1,1,"タッセルA",1,"タッセルA4-2",0,0,0,0,0,0,1,"",0,0,0,0,0,1,0,0,0,0,1,0,0,"",0,57.29578
Bone,"タッセルA4-2","Skirt_1_1",0,0,-1.497676,17.70218,-1.085642,1,0,0,1,1,"タッセルA4-1",1,"タッセルA4-3",0,0,0,0,0,0,1,"",0,0,0,0,0,1,0,0,0,0,1,0,0,"",0,57.29578
Bone,"タッセルA4-3","Skirt_2_1",0,0,-1.539403,17.3595,-1.16359,1,0,0,1,1,"タッセルA4-2",1,"タッセルA4-4",0,0,0,0,0,0,1,"",0,0,0,0,0,1,0,0,0,0,1,0,0,"",0,57.29578
Bone,"タッセルA4-4","Skirt_3_1",0,0,-1.59612,16.90582,-1.208687,1,0,0,1,1,"タッセルA4-3",1,"タッセルA4-5",0,0,0,0,0,0,1,"",0,0,0,0,0,1,0,0,0,0,1,0,0,"",0,57.29578
Bone,"タッセルA4-5","Skirt_4_1",0,0,-1.643595,16.45146,-1.219974,1,0,0,1,1,"タッセルA4-4",1,"タッセルA4-6",0,0,0,0,0,0,1,"",0,0,0,0,0,1,0,0,0,0,1,0,0,"",0,57.29578
Bone,"タッセルA4-6","Skirt_5_1",0,0,-1.651873,15.99733,-1.198724,1,0,0,0,1,"タッセルA4-5",0,"",0,0,0,0,0,0,1,"",0,0,0,0,0,1,0,0,0,0,1,0,0,"",0,57.29578
Bone,"タッセルA5-1","Skirt_0_1",0,0,-1.452109,17.95783,-0.9935327,1,0,0,1,1,"タッセルA",1,"タッセルA5-2",0,0,0,0,0,0,1,"",0,0,0,0,0,1,0,0,0,0,1,0,0,"",0,57.29578
Bone,"タッセルA5-2","Skirt_1_1",0,0,-1.497676,17.70218,-1.085642,1,0,0,1,1,"タッセルA5-1",1,"タッセルA5-3",0,0,0,0,0,0,1,"",0,0,0,0,0,1,0,0,0,0,1,0,0,"",0,57.29578
Bone,"タッセルA5-3","Skirt_2_1",0,0,-1.539403,17.3595,-1.16359,1,0,0,1,1,"タッセルA5-2",1,"タッセルA5-4",0,0,0,0,0,0,1,"",0,0,0,0,0,1,0,0,0,0,1,0,0,"",0,57.29578
Bone,"タッセルA5-4","Skirt_3_1",0,0,-1.59612,16.90582,-1.208687,1,0,0,1,1,"タッセルA5-3",1,"タッセルA5-5",0,0,0,0,0,0,1,"",0,0,0,0,0,1,0,0,0,0,1,0,0,"",0,57.29578
Bone,"タッセルA5-5","Skirt_4_1",0,0,-1.643595,16.45146,-1.219974,1,0,0,1,1,"タッセルA5-4",1,"タッセルA5-6",0,0,0,0,0,0,1,"",0,0,0,0,0,1,0,0,0,0,1,0,0,"",0,57.29578
Bone,"タッセルA5-6","Skirt_5_1",0,0,-1.651873,15.99733,-1.198724,1,0,0,0,1,"タッセルA5-5",0,"",0,0,0,0,0,0,1,"",0,0,0,0,0,1,0,0,0,0,1,0,0,"",0,57.29578
Bone,"タッセルA6-1","Skirt_0_1",0,0,-1.452109,17.95783,-0.9935327,1,0,0,1,1,"タッセルA",1,"タッセルA6-2",0,0,0,0,0,0,1,"",0,0,0,0,0,1,0,0,0,0,1,0,0,"",0,57.29578
Bone,"タッセルA6-2","Skirt_1_1",0,0,-1.497676,17.70218,-1.085642,1,0,0,1,1,"タッセルA6-1",1,"タッセルA6-3",0,0,0,0,0,0,1,"",0,0,0,0,0,1,0,0,0,0,1,0,0,"",0,57.29578
Bone,"タッセルA6-3","Skirt_2_1",0,0,-1.539403,17.3595,-1.16359,1,0,0,1,1,"タッセルA6-2",1,"タッセルA6-4",0,0,0,0,0,0,1,"",0,0,0,0,0,1,0,0,0,0,1,0,0,"",0,57.29578
Bone,"タッセルA6-4","Skirt_3_1",0,0,-1.59612,16.90582,-1.208687,1,0,0,1,1,"タッセルA6-3",1,"タッセルA6-5",0,0,0,0,0,0,1,"",0,0,0,0,0,1,0,0,0,0,1,0,0,"",0,57.29578
Bone,"タッセルA6-5","Skirt_4_1",0,0,-1.643595,16.45146,-1.219974,1,0,0,1,1,"タッセルA6-4",1,"タッセルA6-6",0,0,0,0,0,0,1,"",0,0,0,0,0,1,0,0,0,0,1,0,0,"",0,57.29578
Bone,"タッセルA6-6","Skirt_5_1",0,0,-1.651873,15.99733,-1.198724,1,0,0,0,1,"タッセルA6-5",0,"",0,0,0,0,0,0,1,"",0,0,0,0,0,1,0,0,0,0,1,0,0,"",0,57.29578
Bone,"タッセルA7-1","Skirt_0_1",0,0,-1.452109,17.95783,-0.9935327,1,0,0,1,1,"タッセルA",1,"タッセルA7-2",0,0,0,0,0,0,1,"",0,0,0,0,0,1,0,0,0,0,1,0,0,"",0,57.29578
Bone,"タッセルA7-2","Skirt_1_1",0,0,-1.497676,17.70218,-1.085642,1,0,0,1,1,"タッセルA7-1",1,"タッセルA7-3",0,0,0,0,0,0,1,"",0,0,0,0,0,1,0,0,0,0,1,0,0,"",0,57.29578
Bone,"タッセルA7-3","Skirt_2_1",0,0,-1.539403,17.3595,-1.16359,1,0,0,1,1,"タッセルA7-2",1,"タッセルA7-4",0,0,0,0,0,0,1,"",0,0,0,0,0,1,0,0,0,0,1,0,0,"",0,57.29578
Bone,"タッセルA7-4","Skirt_3_1",0,0,-1.59612,16.90582,-1.208687,1,0,0,1,1,"タッセルA7-3",1,"タッセルA7-5",0,0,0,0,0,0,1,"",0,0,0,0,0,1,0,0,0,0,1,0,0,"",0,57.29578
Bone,"タッセルA7-5","Skirt_4_1",0,0,-1.643595,16.45146,-1.219974,1,0,0,1,1,"タッセルA7-4",1,"タッセルA7-6",0,0,0,0,0,0,1,"",0,0,0,0,0,1,0,0,0,0,1,0,0,"",0,57.29578
Bone,"タッセルA7-6","Skirt_5_1",0,0,-1.651873,15.99733,-1.198724,1,0,0,0,1,"タッセルA7-5",0,"",0,0,0,0,0,0,1,"",0,0,0,0,0,1,0,0,0,0,1,0,0,"",0,57.29578
Bone,"タッセルB","",0,0,-1.46477,18.44139,-0.8580246,1,0,0,1,1,"上半身2",1,"タッセルB2-1",0,0,0,0,0,0,1,"",0,0,0,0,0,1,0,0,0,0,1,0,0,"",0,57.29578
Bone,"タッセルB2-1","Skirt_0_1",0,0,-1.571136,18.03765,-1.224287,1,0,0,1,1,"タッセルB",1,"タッセルB2-2",0,0,0,0,0,0,1,"",0,0,0,0,0,1,0,0,0,0,1,0,0,"",0,57.29578
Bone,"タッセルB2-2","Skirt_1_1",0,0,-1.634012,17.81965,-1.33922,1,0,0,1,1,"タッセルB2-1",1,"タッセルB2-3",0,0,0,0,0,0,1,"",0,0,0,0,0,1,0,0,0,0,1,0,0,"",0,57.29578
Bone,"タッセルB2-3","Skirt_2_1",0,0,-1.723252,17.52044,-1.515785,1,0,0,1,1,"タッセルB2-2",1,"タッセルB2-4",0,0,0,0,0,0,1,"",0,0,0,0,0,1,0,0,0,0,1,0,0,"",0,57.29578
Bone,"タッセルB2-4","Skirt_3_1",0,0,-1.807088,17.16132,-1.663862,1,0,0,1,1,"タッセルB2-3",1,"タッセルB2-5",0,0,0,0,0,0,1,"",0,0,0,0,0,1,0,0,0,0,1,0,0,"",0,57.29578
Bone,"タッセルB2-5","Skirt_4_1",0,0,-1.881336,16.79515,-1.774948,1,0,0,1,1,"タッセルB2-4",1,"タッセルB2-6",0,0,0,0,0,0,1,"",0,0,0,0,0,1,0,0,0,0,1,0,0,"",0,57.29578
Bone,"タッセルB2-6","Skirt_5_1",0,0,-1.916081,16.42089,-1.863553,1,0,0,0,1,"タッセルB2-5",0,"",0,0,0,0,0,0,1,"",0,0,0,0,0,1,0,0,0,0,1,0,0,"",0,57.29578
Bone,"タッセルB3-1","Skirt_0_1",0,0,-1.571136,18.03765,-1.224287,1,0,0,1,1,"タッセルB",1,"タッセルB3-2",0,0,0,0,0,0,1,"",0,0,0,0,0,1,0,0,0,0,1,0,0,"",0,57.29578
Bone,"タッセルB3-2","Skirt_1_1",0,0,-1.634012,17.81965,-1.33922,1,0,0,1,1,"タッセルB3-1",1,"タッセルB3-3",0,0,0,0,0,0,1,"",0,0,0,0,0,1,0,0,0,0,1,0,0,"",0,57.29578
Bone,"タッセルB3-3","Skirt_2_1",0,0,-1.723252,17.52044,-1.515785,1,0,0,1,1,"タッセルB3-2",1,"タッセルB3-4",0,0,0,0,0,0,1,"",0,0,0,0,0,1,0,0,0,0,1,0,0,"",0,57.29578
Bone,"タッセルB3-4","Skirt_3_1",0,0,-1.807088,17.16132,-1.663862,1,0,0,1,1,"タッセルB3-3",1,"タッセルB3-5",0,0,0,0,0,0,1,"",0,0,0,0,0,1,0,0,0,0,1,0,0,"",0,57.29578
Bone,"タッセルB3-5","Skirt_4_1",0,0,-1.881336,16.79515,-1.774948,1,0,0,1,1,"タッセルB3-4",1,"タッセルB3-6",0,0,0,0,0,0,1,"",0,0,0,0,0,1,0,0,0,0,1,0,0,"",0,57.29578
Bone,"タッセルB3-6","Skirt_5_1",0,0,-1.916081,16.42089,-1.863553,1,0,0,0,1,"タッセルB3-5",0,"",0,0,0,0,0,0,1,"",0,0,0,0,0,1,0,0,0,0,1,0,0,"",0,57.29578
Bone,"タッセルB4-1","Skirt_0_1",0,0,-1.571136,18.03765,-1.224287,1,0,0,1,1,"タッセルB",1,"タッセルB4-2",0,0,0,0,0,0,1,"",0,0,0,0,0,1,0,0,0,0,1,0,0,"",0,57.29578
Bone,"タッセルB4-2","Skirt_1_1",0,0,-1.634012,17.81965,-1.33922,1,0,0,1,1,"タッセルB4-1",1,"タッセルB4-3",0,0,0,0,0,0,1,"",0,0,0,0,0,1,0,0,0,0,1,0,0,"",0,57.29578
Bone,"タッセルB4-3","Skirt_2_1",0,0,-1.723252,17.52044,-1.515785,1,0,0,1,1,"タッセルB4-2",1,"タッセルB4-4",0,0,0,0,0,0,1,"",0,0,0,0,0,1,0,0,0,0,1,0,0,"",0,57.29578
Bone,"タッセルB4-4","Skirt_3_1",0,0,-1.807088,17.16132,-1.663862,1,0,0,1,1,"タッセルB4-3",1,"タッセルB4-5",0,0,0,0,0,0,1,"",0,0,0,0,0,1,0,0,0,0,1,0,0,"",0,57.29578
Bone,"タッセルB4-5","Skirt_4_1",0,0,-1.881336,16.79515,-1.774948,1,0,0,1,1,"タッセルB4-4",1,"タッセルB4-6",0,0,0,0,0,0,1,"",0,0,0,0,0,1,0,0,0,0,1,0,0,"",0,57.29578
Bone,"タッセルB4-6","Skirt_5_1",0,0,-1.916081,16.42089,-1.863553,1,0,0,0,1,"タッセルB4-5",0,"",0,0,0,0,0,0,1,"",0,0,0,0,0,1,0,0,0,0,1,0,0,"",0,57.29578
Bone,"タッセルB5-1","Skirt_0_1",0,0,-1.571136,18.03765,-1.224287,1,0,0,1,1,"タッセルB",1,"タッセルB5-2",0,0,0,0,0,0,1,"",0,0,0,0,0,1,0,0,0,0,1,0,0,"",0,57.29578
Bone,"タッセルB5-2","Skirt_1_1",0,0,-1.634012,17.81965,-1.33922,1,0,0,1,1,"タッセルB5-1",1,"タッセルB5-3",0,0,0,0,0,0,1,"",0,0,0,0,0,1,0,0,0,0,1,0,0,"",0,57.29578
Bone,"タッセルB5-3","Skirt_2_1",0,0,-1.723252,17.52044,-1.515785,1,0,0,1,1,"タッセルB5-2",1,"タッセルB5-4",0,0,0,0,0,0,1,"",0,0,0,0,0,1,0,0,0,0,1,0,0,"",0,57.29578
Bone,"タッセルB5-4","Skirt_3_1",0,0,-1.807088,17.16132,-1.663862,1,0,0,1,1,"タッセルB5-3",1,"タッセルB5-5",0,0,0,0,0,0,1,"",0,0,0,0,0,1,0,0,0,0,1,0,0,"",0,57.29578
Bone,"タッセルB5-5","Skirt_4_1",0,0,-1.881336,16.79515,-1.774948,1,0,0,1,1,"タッセルB5-4",1,"タッセルB5-6",0,0,0,0,0,0,1,"",0,0,0,0,0,1,0,0,0,0,1,0,0,"",0,57.29578
Bone,"タッセルB5-6","Skirt_5_1",0,0,-1.916081,16.42089,-1.863553,1,0,0,0,1,"タッセルB5-5",0,"",0,0,0,0,0,0,1,"",0,0,0,0,0,1,0,0,0,0,1,0,0,"",0,57.29578
Bone,"タッセルB6-1","Skirt_0_1",0,0,-1.571136,18.03765,-1.224287,1,0,0,1,1,"タッセルB",1,"タッセルB6-2",0,0,0,0,0,0,1,"",0,0,0,0,0,1,0,0,0,0,1,0,0,"",0,57.29578
Bone,"タッセルB6-2","Skirt_1_1",0,0,-1.634012,17.81965,-1.33922,1,0,0,1,1,"タッセルB6-1",1,"タッセルB6-3",0,0,0,0,0,0,1,"",0,0,0,0,0,1,0,0,0,0,1,0,0,"",0,57.29578
Bone,"タッセルB6-3","Skirt_2_1",0,0,-1.723252,17.52044,-1.515785,1,0,0,1,1,"タッセルB6-2",1,"タッセルB6-4",0,0,0,0,0,0,1,"",0,0,0,0,0,1,0,0,0,0,1,0,0,"",0,57.29578
Bone,"タッセルB6-4","Skirt_3_1",0,0,-1.807088,17.16132,-1.663862,1,0,0,1,1,"タッセルB6-3",1,"タッセルB6-5",0,0,0,0,0,0,1,"",0,0,0,0,0,1,0,0,0,0,1,0,0,"",0,57.29578
Bone,"タッセルB6-5","Skirt_4_1",0,0,-1.881336,16.79515,-1.774948,1,0,0,1,1,"タッセルB6-4",1,"タッセルB6-6",0,0,0,0,0,0,1,"",0,0,0,0,0,1,0,0,0,0,1,0,0,"",0,57.29578
Bone,"タッセルB6-6","Skirt_5_1",0,0,-1.916081,16.42089,-1.863553,1,0,0,0,1,"タッセルB6-5",0,"",0,0,0,0,0,0,1,"",0,0,0,0,0,1,0,0,0,0,1,0,0,"",0,57.29578
Bone,"タッセルB7-1","Skirt_0_1",0,0,-1.571136,18.03765,-1.224287,1,0,0,1,1,"タッセルB",1,"タッセルB7-2",0,0,0,0,0,0,1,"",0,0,0,0,0,1,0,0,0,0,1,0,0,"",0,57.29578
Bone,"タッセルB7-2","Skirt_1_1",0,0,-1.634012,17.81965,-1.33922,1,0,0,1,1,"タッセルB7-1",1,"タッセルB7-3",0,0,0,0,0,0,1,"",0,0,0,0,0,1,0,0,0,0,1,0,0,"",0,57.29578
Bone,"タッセルB7-3","Skirt_2_1",0,0,-1.723252,17.52044,-1.515785,1,0,0,1,1,"タッセルB7-2",1,"タッセルB7-4",0,0,0,0,0,0,1,"",0,0,0,0,0,1,0,0,0,0,1,0,0,"",0,57.29578
Bone,"タッセルB7-4","Skirt_3_1",0,0,-1.807088,17.16132,-1.663862,1,0,0,1,1,"タッセルB7-3",1,"タッセルB7-5",0,0,0,0,0,0,1,"",0,0,0,0,0,1,0,0,0,0,1,0,0,"",0,57.29578
Bone,"タッセルB7-5","Skirt_4_1",0,0,-1.881336,16.79515,-1.774948,1,0,0,1,1,"タッセルB7-4",1,"タッセルB7-6",0,0,0,0,0,0,1,"",0,0,0,0,0,1,0,0,0,0,1,0,0,"",0,57.29578
Bone,"タッセルB7-6","Skirt_5_1",0,0,-1.916081,16.42089,-1.863553,1,0,0,0,1,"タッセルB7-5",0,"",0,0,0,0,0,0,1,"",0,0,0,0,0,1,0,0,0,0,1,0,0,"",0,57.29578
Bone,"左涙","",0,0,0.5165188,20.87671,-0.03401601,1,1,0,1,1,"頭",0,"",0,0,0,0,0,0,1,"",0,0,0,0,0,1,0,0,0,0,1,0,0,"",0,57.29578
Bone,"左涙上","",0,0,0.5165188,20.90851,-0.01644194,1,1,0,1,1,"左涙",0,"",0,0,0,0,0,0,1,"",0,0,0,0,0,1,0,0,0,0,1,0,0,"",0,57.29578
Bone,"右涙","",0,0,-0.5165188,20.87671,-0.03401601,1,1,0,1,1,"頭",0,"",0,0,0,0,0,0,1,"",0,0,0,0,0,1,0,0,0,0,1,0,0,"",0,57.29578
Bone,"右涙上","",0,0,-0.5165188,20.90851,-0.01644194,1,1,0,1,1,"右涙",0,"",0,0,0,0,0,0,1,"",0,0,0,0,0,1,0,0,0,0,1,0,0,"",0,57.29578
Bone,"右ダミー","dummy_R",0,0,-7.181959,13.82664,0.006764084,1,1,0,1,1,"右手首",0,"",0.5382131,-1.098774,0,0,0,0,1,"",0,0,0,0,0,1,0,0,0,0,1,0,0,"",0,57.29578
Bone,"左ダミー","dummy_L",0,0,7.181959,13.82664,0.006764084,1,1,0,1,1,"左手首",0,"",-0.5382131,-1.098774,0,0,0,0,1,"",0,0,0,0,0,1,0,0,0,0,1,0,0,"",0,57.29578
Bone,"佩刀","",0,0,1.801472,14.53775,-0.3669,1,1,0,1,1,"上半身",0,"",0,-1,0,0,0,0,1,"",0,0,0,0,0,1,0,0,0,0,1,0,0,"",0,57.29578
